-1,0,95,440,118,443,124,434,123,422,122,411,108,409,116,396,125,387,130,379,99,395,112,380,122,372,134,364,91,379,104,363,116,354,127,348,84,364,95,348,106,340,115,336
-1,0,98,420,124,411,128,392,127,374,127,360,107,368,118,348,134,339,145,334,95,356,113,333,129,323,147,317,82,346,100,320,118,310,135,306,69,337,85,313,101,304,117,299
-1,0,98,420,126,406,129,385,127,367,126,353,100,370,113,348,129,337,143,333,89,360,109,339,127,327,146,320,79,350,101,328,119,316,137,310,69,341,85,319,100,307,116,300
-1,0,81,411,112,393,119,351,118,322,110,300,78,332,86,304,105,289,124,284,62,332,71,301,92,286,113,279,48,337,55,304,76,287,96,278,36,344,43,315,59,297,78,287
-1,0,47,420,86,405,104,360,105,324,101,296,78,337,85,305,101,291,118,285,58,333,66,300,80,286,98,281,39,333,46,300,60,285,77,279,21,337,24,308,36,292,52,284
-1,0,30,395,71,385,101,343,112,293,125,252,81,275,97,219,103,182,105,152,43,261,48,197,49,155,48,124,11,261,8,202,7,163,6,131,-14,275,-30,230,-39,200,-45,174
-1,0,65,387,120,363,156,316,165,270,178,234,137,245,159,201,168,175,173,151,103,233,118,182,125,151,130,125,68,235,72,189,75,166,79,146,30,250,24,212,22,190,21,168
-1,0,80,382,135,361,172,318,185,272,196,236,159,247,180,203,189,178,194,156,126,234,141,184,149,153,155,128,92,234,96,189,99,164,103,144,57,244,50,209,46,187,45,166
-1,0,92,375,147,354,184,311,194,265,204,231,168,242,188,199,197,173,202,150,136,230,149,179,156,148,161,124,104,231,109,185,112,160,115,138,69,242,61,207,57,184,55,161
-1,0,112,377,167,356,200,313,210,267,219,233,184,244,203,200,212,174,217,151,152,232,166,182,173,151,178,127,121,232,125,185,127,159,130,137,89,244,80,209,76,184,74,163
-1,0,117,377,172,357,206,315,217,270,226,237,190,246,210,203,219,176,224,153,159,234,173,183,180,152,186,127,128,234,132,188,134,162,137,141,94,245,87,210,82,186,78,164
-1,0,134,381,188,362,223,321,235,276,246,243,210,256,228,212,236,187,242,165,179,243,193,194,201,165,207,141,149,242,152,197,155,172,160,151,116,252,108,217,105,194,103,174
-1,0,143,385,195,367,230,327,242,284,251,252,216,261,235,220,244,195,249,173,186,249,199,201,207,171,212,147,156,248,160,205,163,179,167,158,125,257,117,224,113,201,112,180
-1,0,151,388,203,372,238,334,253,294,264,263,224,269,243,230,252,205,257,184,194,257,205,210,212,181,217,158,164,257,168,215,172,190,176,169,133,266,126,233,122,212,120,191
-1,0,156,394,206,380,244,344,260,306,273,277,230,279,251,241,261,217,268,198,200,267,213,220,220,191,226,169,171,265,176,225,180,200,185,179,140,273,134,242,130,221,130,201
-1,0,160,397,208,383,246,350,263,312,277,284,234,285,254,248,264,225,271,206,205,273,217,229,225,201,230,179,176,271,180,231,184,207,189,187,146,280,139,249,136,228,135,208
-1,0,158,396,207,384,245,350,263,313,278,287,232,288,253,251,264,228,273,210,203,275,216,229,225,201,232,180,175,273,179,233,183,209,188,190,145,280,139,249,137,229,138,211
-1,0,158,394,207,382,244,349,262,313,276,287,231,287,252,251,264,228,272,210,203,274,216,230,224,202,231,180,175,272,180,232,184,209,188,190,146,279,140,248,138,228,139,210
-1,0,158,391,207,379,243,347,261,312,275,286,230,286,252,250,264,227,272,209,201,274,215,229,223,201,231,180,174,271,179,231,184,208,189,190,145,278,141,248,139,228,140,210
-1,0,156,390,205,378,241,345,259,310,273,284,227,283,249,248,261,225,271,207,199,271,213,227,221,199,228,178,171,270,178,229,183,206,189,187,143,277,139,246,137,226,138,208
-1,0,151,386,200,376,237,343,255,307,269,282,225,282,246,246,259,223,268,206,196,269,211,225,219,197,226,176,168,266,176,225,181,202,186,185,139,272,136,243,134,223,134,206
-1,0,152,385,201,374,238,341,256,305,271,280,224,280,246,245,258,223,267,205,195,268,209,224,218,197,226,176,168,266,174,227,179,204,184,186,139,273,135,243,134,223,135,206
-1,0,149,385,197,374,234,342,253,306,268,279,221,280,244,245,256,222,265,204,193,267,207,224,216,197,223,175,165,265,172,226,177,204,183,185,137,272,133,242,131,223,132,205
-1,0,147,384,195,374,234,341,253,306,269,280,220,280,242,245,255,222,264,204,192,267,205,224,214,197,222,175,164,265,171,227,176,204,182,186,136,272,132,242,131,224,132,207
-1,0,146,382,195,372,233,340,252,305,268,280,219,279,242,243,254,220,263,202,190,267,204,223,213,196,220,175,162,265,170,226,175,204,180,186,134,271,131,242,129,224,130,208
-1,0,145,383,193,372,230,339,250,305,265,280,215,278,239,242,251,219,261,201,187,266,201,222,210,195,217,174,159,265,167,227,172,206,177,188,131,272,127,243,125,226,126,209
-1,0,143,383,190,372,229,340,248,305,264,280,214,278,237,242,250,220,260,202,185,266,199,222,208,195,215,174,158,264,165,227,170,205,175,187,130,272,127,243,125,225,125,209
-1,0,141,380,189,369,226,338,245,303,260,278,211,276,234,240,246,217,255,199,182,264,197,220,205,194,212,173,155,264,162,227,167,206,172,188,126,271,123,243,121,225,122,209
-1,0,140,381,186,370,224,337,243,303,259,277,209,276,231,241,243,218,253,200,180,265,194,221,202,195,209,174,153,265,160,229,165,207,170,189,126,273,122,245,119,228,119,212
-1,0,141,383,187,373,224,341,244,307,258,280,210,280,232,245,243,223,252,205,182,269,194,226,202,200,209,178,155,269,160,234,165,213,172,194,127,276,123,249,121,232,122,216
-1,0,142,385,187,373,225,342,244,308,258,283,209,281,231,246,243,224,252,206,181,271,194,228,202,201,209,180,155,271,162,235,166,214,172,195,127,279,124,252,122,234,122,218
-1,0,144,388,190,377,227,345,246,310,260,285,212,285,233,251,244,229,252,211,184,275,196,234,203,207,209,186,157,275,162,241,166,219,172,201,130,282,126,256,124,240,125,224
-1,0,146,391,190,380,226,348,245,314,260,290,212,289,233,255,244,233,253,215,184,279,196,237,203,211,209,191,158,279,163,245,167,224,172,206,131,288,127,262,125,245,125,230
-1,0,146,391,191,381,226,348,244,315,260,291,211,290,232,255,244,233,252,216,184,280,197,238,204,212,210,192,158,281,165,245,169,224,173,207,131,289,128,263,126,246,126,231
-1,0,145,392,190,381,226,349,245,316,261,291,211,290,233,256,244,233,253,216,184,280,196,238,204,212,210,192,158,280,165,245,169,224,173,207,132,288,128,262,126,246,126,230
-1,0,147,391,192,381,227,350,246,316,262,292,212,291,234,256,246,234,255,217,185,280,198,238,205,212,211,192,159,280,165,245,169,224,173,207,132,289,128,263,126,247,127,232
-1,0,146,392,192,383,228,350,248,317,264,295,212,291,234,258,247,236,256,219,185,281,198,239,205,213,211,193,159,281,165,246,169,226,173,209,132,289,128,264,127,249,127,234
-1,0,146,392,190,383,227,349,246,316,262,294,211,290,233,256,245,235,255,218,183,279,196,237,204,212,210,192,157,279,163,245,167,225,171,209,130,287,126,261,125,246,126,233
-1,0,145,392,190,384,226,350,246,316,263,294,210,290,232,257,244,235,254,218,182,280,195,238,203,212,209,193,156,281,163,246,166,225,171,208,130,289,126,264,124,248,124,234
-1,0,140,390,185,381,222,348,241,314,257,291,206,290,228,255,240,233,249,216,178,279,190,237,197,211,203,192,151,279,157,243,161,223,165,207,124,286,120,261,119,246,119,233
-1,0,134,388,179,377,216,345,235,311,250,288,200,288,222,253,233,230,241,213,172,277,184,235,191,209,197,189,145,276,150,241,154,221,158,204,117,284,113,259,111,244,112,231
-1,0,131,389,177,378,212,347,230,314,245,290,196,288,217,254,228,232,236,215,168,277,180,236,187,211,192,192,141,278,146,244,149,225,154,209,113,287,109,261,107,247,108,234
-1,0,426,447,393,441,364,413,341,390,322,370,393,349,364,327,342,332,328,342,413,335,393,287,372,259,352,236,438,337,441,286,436,252,428,223,461,353,483,317,491,289,493,265
-1,0,127,390,171,379,206,347,224,314,240,290,191,288,212,253,223,231,231,213,162,278,174,236,180,211,185,191,135,279,141,244,144,224,149,207,107,287,103,262,101,248,102,234
-1,0,440,447,402,435,369,403,345,378,328,355,397,338,367,314,343,320,328,332,417,323,396,277,376,249,358,225,441,324,444,272,440,239,433,211,465,341,489,308,499,281,503,256
-1,0,124,390,170,379,206,348,225,315,240,289,187,289,209,254,220,232,229,215,159,279,171,237,179,211,185,191,133,280,139,245,143,225,147,207,106,289,102,264,100,249,100,235
-1,0,445,430,407,417,371,383,343,354,329,328,399,321,373,298,352,298,340,307,419,305,401,257,388,228,379,204,445,303,453,257,455,228,454,202,471,317,497,289,511,268,521,249
-1,0,119,391,163,381,198,350,217,316,233,292,184,290,205,255,216,233,225,215,156,281,168,239,174,213,180,193,129,281,135,247,138,227,143,209,101,290,97,264,96,250,97,236
-1,0,444,434,408,420,374,386,346,357,332,330,403,325,377,303,355,305,342,314,422,308,406,262,394,234,385,209,448,306,457,262,461,235,463,211,473,319,501,296,518,278,530,261
-1,0,117,394,163,382,197,349,216,316,231,291,181,292,203,256,214,233,222,215,153,282,165,240,172,214,178,193,126,284,132,248,137,228,141,210,99,293,95,267,93,251,95,237
-1,0,444,433,408,419,374,385,347,358,333,331,405,323,380,304,357,306,344,315,423,307,406,263,395,235,388,210,449,306,459,263,464,236,467,213,474,319,501,296,518,279,531,262
-1,0,115,396,161,384,196,351,216,317,230,292,180,293,202,256,213,233,221,215,153,284,165,240,172,214,177,194,126,285,133,249,137,228,141,210,98,294,94,268,93,252,94,237
-1,0,454,430,417,418,382,383,354,356,339,330,411,323,383,302,361,303,348,310,430,306,412,261,402,231,396,206,456,305,465,261,469,234,472,210,482,318,507,293,522,275,534,258
-1,0,115,396,160,384,195,352,215,319,229,294,179,293,201,257,212,234,220,216,151,284,164,241,171,214,177,194,125,285,132,248,136,227,141,209,97,294,94,269,92,252,93,238
-1,0,452,432,415,420,381,384,355,356,339,330,411,323,387,302,366,305,354,315,430,307,412,263,401,234,392,208,457,305,466,262,470,234,471,210,482,318,510,294,526,276,538,258
-1,0,116,397,161,385,195,353,214,319,229,295,179,294,201,258,212,235,220,217,152,285,164,242,171,215,177,195,125,286,131,250,135,229,140,211,97,296,94,270,92,254,93,239
-1,0,453,431,415,419,382,385,356,356,339,331,412,322,385,300,363,304,349,314,431,306,413,262,401,233,392,207,457,305,466,262,468,234,468,210,482,319,509,295,525,277,537,259
-1,0,115,397,160,385,195,353,215,320,229,295,180,294,201,258,212,235,220,216,152,285,164,242,171,215,176,195,125,287,131,251,135,229,140,211,97,296,94,270,92,254,92,239
-1,0,452,431,415,419,382,384,356,356,340,331,412,322,388,300,366,303,353,315,431,307,414,262,403,234,394,209,458,306,468,263,472,235,473,211,483,319,510,296,527,278,539,261
-1,0,115,398,160,387,195,354,215,320,230,295,180,295,202,259,212,236,220,218,152,286,165,243,172,216,177,196,126,287,132,251,136,229,140,211,99,296,95,271,93,255,93,240
-1,0,453,431,416,419,382,384,355,356,338,331,412,322,387,301,364,304,350,314,431,307,414,262,402,234,394,208,458,306,468,262,471,234,472,209,483,319,510,296,526,278,539,260
-1,0,115,399,159,387,195,354,215,321,230,296,180,296,202,259,212,236,220,218,153,286,165,243,172,216,177,196,126,287,133,251,137,230,141,211,98,296,96,271,94,255,94,240
-1,0,452,434,415,423,381,388,355,359,341,332,412,325,385,303,363,306,350,317,431,309,414,265,402,236,394,210,457,308,467,264,471,237,473,214,483,321,509,298,525,279,538,262
-1,0,115,397,160,387,197,355,218,321,232,295,182,295,204,259,215,236,223,218,155,286,167,243,174,216,179,195,128,287,134,250,137,229,142,211,100,296,97,270,95,254,96,239
-1,0,457,418,419,407,384,373,357,348,341,324,412,314,383,294,362,297,351,307,431,297,413,252,402,224,396,199,456,296,464,254,469,228,472,205,481,309,506,285,524,267,537,250
-1,0,116,393,162,382,199,352,218,318,233,293,183,292,206,257,217,234,225,215,155,282,169,240,176,214,181,194,129,283,136,246,140,225,144,208,101,291,98,266,96,249,97,234
-1,0,458,401,420,389,386,354,360,328,344,303,412,299,386,278,365,277,353,285,430,282,413,238,402,211,395,188,455,279,463,239,469,214,472,192,480,290,504,267,520,251,532,235
-1,0,118,392,163,380,200,349,220,316,234,291,184,291,206,256,217,233,225,214,157,282,169,239,176,212,182,192,130,283,136,247,140,225,145,208,102,291,99,266,97,250,97,235
-1,0,457,393,419,382,384,351,359,324,345,298,410,292,385,272,364,272,353,281,429,276,412,234,400,208,392,186,455,272,461,235,465,210,468,189,479,282,500,261,516,246,528,233
-1,0,120,394,164,383,200,349,219,316,234,291,184,290,205,255,217,231,225,214,156,281,169,238,176,212,182,192,130,282,136,247,141,226,145,209,102,291,99,265,97,250,97,235
-1,0,454,390,419,379,385,348,358,321,344,295,409,292,384,270,364,270,352,277,427,274,412,232,401,207,394,186,453,270,461,232,466,208,470,187,478,279,500,258,516,243,528,230
-1,0,119,393,164,382,199,350,219,317,234,292,183,290,205,255,216,232,224,214,156,281,169,239,176,212,181,192,129,283,137,247,141,226,145,208,102,292,99,267,98,251,98,236
-1,0,453,385,417,375,384,345,358,318,344,292,409,288,384,267,363,267,351,275,427,270,411,229,400,204,392,182,453,266,461,229,466,205,470,185,478,276,501,255,516,240,528,228
-1,0,117,393,162,382,198,350,217,316,232,291,183,290,205,254,216,231,224,213,155,281,168,237,176,211,181,190,128,281,135,246,140,225,144,208,100,290,97,264,95,249,96,234
-1,0,453,386,417,376,384,346,359,319,345,292,408,288,384,266,364,266,352,275,428,270,412,229,402,204,394,182,453,267,462,229,466,205,470,185,478,277,502,256,518,241,530,228
-1,0,117,392,162,381,197,349,215,315,231,291,181,290,203,254,214,231,223,213,154,281,167,238,174,212,180,191,127,282,134,247,138,226,143,208,99,292,96,266,94,250,95,235
-1,0,452,385,416,375,383,344,358,318,345,291,409,287,385,266,364,266,353,275,428,270,412,228,401,203,394,181,453,266,462,228,468,204,472,183,478,277,501,256,517,241,530,227
-1,0,116,392,161,380,197,348,216,315,231,290,181,290,203,254,214,231,222,212,154,281,166,238,173,211,178,191,127,282,134,245,138,224,142,206,99,291,95,265,93,248,95,233
-1,0,457,381,421,372,386,341,359,313,347,284,410,283,384,261,363,261,352,269,430,265,413,223,402,198,395,176,456,261,463,223,468,199,473,178,481,270,502,250,518,235,531,222
-1,0,116,392,160,380,196,347,215,314,230,290,180,289,202,252,214,229,222,211,153,280,165,236,173,210,178,190,126,281,133,244,137,223,142,206,98,290,94,263,93,247,93,233
-1,0,460,375,423,364,388,334,361,306,351,278,413,276,387,256,366,254,355,262,433,259,415,218,404,192,396,171,459,254,464,218,469,194,473,174,484,264,505,242,520,227,531,214
-1,0,115,392,161,380,196,348,215,315,229,290,180,288,201,252,212,230,221,211,152,279,165,237,172,210,178,190,125,281,132,245,136,223,140,205,97,291,94,265,93,248,94,233
-1,0,459,374,422,364,387,333,361,306,350,278,414,276,389,255,369,254,356,262,433,258,418,218,406,193,398,171,460,254,467,217,471,194,474,174,485,264,507,244,522,229,533,215
-1,0,115,393,161,381,196,349,215,315,230,290,180,289,202,253,213,230,221,211,152,280,165,237,172,210,177,189,125,281,132,244,136,223,141,205,97,290,94,264,93,248,94,233
-1,0,460,370,424,360,389,330,363,302,352,273,414,272,388,252,367,251,355,258,434,254,417,213,406,188,399,165,460,250,465,214,470,190,474,170,485,258,505,238,521,223,533,210
-1,0,115,393,160,381,195,349,214,316,228,290,179,289,201,253,212,229,220,210,152,280,164,237,172,210,177,189,125,281,132,245,135,223,140,205,97,291,93,265,91,248,92,233
-1,0,461,365,424,355,388,324,363,296,353,266,414,268,387,248,366,246,355,252,434,250,417,209,406,183,398,161,460,245,465,209,470,185,473,166,485,253,505,232,520,217,532,204
-1,0,113,394,158,382,193,349,212,316,226,290,177,289,199,253,210,229,218,210,149,280,162,237,169,210,175,189,122,281,130,245,134,224,139,206,94,291,90,265,89,249,90,234
-1,0,461,364,423,354,388,323,362,295,352,266,414,266,388,246,367,245,355,252,434,248,417,208,406,183,398,161,460,244,466,208,471,183,475,163,485,253,505,233,519,218,531,205
-1,0,112,394,157,381,192,349,212,316,227,290,176,290,198,253,209,230,216,211,150,281,162,238,169,211,174,190,123,283,129,247,133,225,138,207,94,293,91,266,89,249,90,234
-1,0,460,359,423,349,388,319,362,290,351,260,412,262,386,242,364,239,353,246,432,244,415,204,404,179,397,157,459,239,464,203,468,179,472,160,484,247,505,227,520,212,532,200
-1,0,111,394,156,382,191,350,210,316,226,291,175,289,197,252,208,229,215,210,148,280,160,236,167,210,172,189,120,281,127,245,131,224,136,206,92,291,88,265,86,248,86,232
-1,0,459,359,421,348,387,319,361,291,351,262,412,261,386,240,366,239,354,247,432,243,416,203,405,178,396,157,459,239,464,203,469,180,471,161,485,248,506,228,520,213,531,201
-1,0,110,395,155,382,191,350,210,317,225,290,175,290,196,253,207,229,215,210,147,281,160,237,167,210,172,189,120,283,127,246,131,224,135,205,92,293,88,266,86,249,87,234
-1,0,459,362,422,351,387,322,360,294,351,265,413,264,388,242,368,241,356,251,433,246,417,206,405,181,397,159,460,242,466,205,470,181,473,162,486,251,507,230,521,215,532,202
-1,0,110,396,155,384,191,352,210,317,224,291,174,291,196,253,207,229,215,210,146,282,159,237,166,210,172,189,119,283,126,245,130,223,135,205,91,293,87,265,85,249,85,234
-1,0,460,363,422,353,387,325,362,297,352,267,413,266,388,243,367,242,356,252,434,248,418,207,406,182,398,161,461,243,467,207,471,183,474,165,487,252,509,232,523,217,534,204
-1,0,108,397,153,385,189,351,209,317,224,290,174,291,196,253,207,229,214,210,146,282,158,237,165,210,170,189,118,283,125,246,129,224,134,205,90,293,86,266,84,249,84,233
-1,0,460,377,421,366,386,335,361,307,351,278,414,277,390,254,370,254,357,264,435,260,419,216,407,190,397,168,462,256,469,217,471,194,470,174,488,266,512,244,526,229,537,217
-1,0,109,398,154,385,191,351,211,317,226,290,174,290,196,252,207,228,214,208,146,281,158,236,165,209,170,188,118,282,125,245,129,222,132,203,90,293,85,265,83,248,83,233
-1,0,463,382,426,371,389,337,364,307,354,278,418,281,393,257,373,257,362,267,439,265,422,222,409,195,400,173,466,261,472,223,474,199,474,180,492,272,515,251,529,236,540,222
-1,0,112,396,159,384,197,349,216,314,231,287,179,288,201,250,211,226,218,206,151,278,162,234,168,206,173,184,122,279,127,241,130,219,134,200,93,288,88,262,86,245,87,229
-1,0,465,382,426,371,392,340,368,310,359,280,418,283,395,260,376,255,365,262,439,266,423,223,412,197,403,175,467,262,472,225,474,201,475,182,493,272,515,252,529,237,540,225
-1,0,113,397,159,385,197,350,215,314,232,288,180,288,201,249,212,224,220,205,150,278,162,233,169,205,174,184,123,279,128,242,132,220,136,201,94,289,90,263,87,247,87,231
-1,0,471,388,432,368,400,325,378,293,357,271,429,285,409,254,393,238,379,225,452,273,432,234,418,207,405,184,478,272,474,229,466,199,456,172,506,281,526,257,534,237,537,219
-1,0,113,395,161,384,199,347,217,310,232,285,180,285,201,247,212,222,219,203,150,275,162,230,168,203,173,182,123,276,127,238,130,216,134,199,94,286,88,259,85,242,85,227
-1,0,467,386,428,365,401,320,385,289,365,271,434,277,417,244,415,260,419,282,455,271,441,240,434,255,430,273,482,272,479,229,470,207,458,190,510,280,535,257,536,244,526,233
-1,0,113,396,162,383,199,347,216,311,232,285,180,285,200,246,211,221,219,202,150,275,161,231,168,203,173,182,122,276,127,240,130,217,134,198,93,286,87,260,84,244,84,228
-1,0,465,396,431,358,417,314,419,278,427,250,449,279,436,250,424,276,424,302,468,280,447,250,435,289,440,317,490,284,464,261,453,299,459,324,516,293,490,268,477,292,481,312
-1,0,113,398,162,385,199,348,216,311,232,285,178,287,199,247,209,221,218,201,148,277,160,232,166,203,172,181,120,278,125,240,128,217,132,198,91,288,85,261,82,244,81,228
-1,0,462,393,429,355,420,308,424,275,428,251,461,263,430,247,421,282,426,305,481,266,444,252,433,295,441,318,502,274,463,263,451,304,458,325,522,290,489,273,475,299,481,315
-1,0,111,399,161,386,197,350,215,313,232,286,178,286,199,247,209,221,217,201,148,277,160,231,166,203,170,181,120,278,125,240,127,217,131,198,90,287,84,260,81,244,81,228
-1,0,469,386,435,342,423,298,420,266,429,241,479,252,429,248,422,280,434,293,496,257,435,259,429,295,443,303,508,272,449,275,443,309,455,316,514,293,468,289,459,311,467,319
-1,0,110,400,157,388,194,351,211,314,228,287,175,286,196,247,207,221,215,202,145,277,157,231,164,203,169,181,117,278,121,240,124,218,128,199,87,288,81,261,77,244,77,228
-1,0,469,383,437,341,426,297,423,266,429,238,480,250,428,245,421,276,432,291,496,257,432,255,426,292,441,302,506,272,445,271,439,305,452,315,511,293,463,286,455,308,464,318
-1,0,108,401,157,388,194,352,211,314,228,287,175,287,195,247,205,222,213,202,145,277,156,232,163,204,168,181,116,279,121,241,123,218,127,198,87,289,81,262,77,245,76,229
-1,0,468,382,436,340,424,296,420,265,424,238,477,249,423,245,418,277,432,290,494,255,429,256,425,292,440,301,504,271,442,272,437,305,451,314,509,292,461,287,452,308,461,317
-1,0,107,401,155,388,192,353,208,316,225,289,173,287,193,247,204,222,212,202,142,278,154,232,161,203,167,181,114,280,119,241,122,218,126,199,85,290,79,263,76,246,75,230
-1,0,470,383,436,343,423,299,419,268,422,239,476,250,423,247,417,279,430,292,493,257,428,259,425,295,439,305,503,271,442,273,437,307,451,316,508,292,461,288,454,309,464,318
-1,0,107,402,155,388,192,352,210,315,227,287,173,288,193,248,204,222,212,202,143,279,155,233,161,204,166,180,114,281,119,241,122,217,126,197,85,291,79,262,76,245,76,229
-1,0,470,387,433,345,421,302,416,270,415,241,471,252,417,252,413,284,427,296,488,258,424,263,421,299,437,307,499,273,438,278,434,311,447,318,504,295,456,293,449,313,459,320
-1,0,107,401,157,388,193,353,211,316,228,288,174,288,195,248,206,222,213,202,144,278,156,232,162,203,167,180,116,280,120,241,123,217,126,197,87,290,80,262,77,245,77,229
-1,0,467,385,433,343,419,301,414,271,416,243,472,252,421,251,416,282,428,296,488,259,425,263,422,297,436,307,498,274,437,277,433,309,445,319,502,295,455,291,446,312,453,322
-1,0,106,399,155,387,193,351,211,314,227,287,174,287,194,246,205,221,213,200,143,277,155,231,161,202,166,180,115,278,120,239,123,216,127,197,86,288,79,260,76,243,75,227
-1,0,467,384,433,345,419,302,413,271,416,242,470,252,419,250,414,281,425,295,486,258,424,262,421,297,435,308,497,273,437,277,433,309,445,319,502,294,455,292,447,312,455,321
-1,0,106,399,156,387,193,350,211,312,227,284,173,286,194,245,205,219,213,199,143,276,154,230,161,201,166,179,114,277,119,239,122,216,125,197,85,287,79,260,76,243,75,227
-1,0,468,389,431,349,417,305,411,275,411,246,469,255,415,254,411,286,424,299,485,261,420,265,418,301,433,309,496,276,433,280,430,313,444,320,501,298,452,296,444,317,453,325
-1,0,108,396,159,383,196,346,213,308,229,281,175,284,196,244,206,218,214,197,144,274,155,228,161,200,166,177,116,275,120,237,122,214,125,194,87,285,79,258,75,240,74,224
-1,0,466,389,430,348,417,305,412,274,414,245,468,256,416,255,410,288,422,302,484,262,422,266,418,302,432,312,496,277,435,280,431,313,443,323,501,298,454,293,445,314,453,325
-1,0,109,395,160,382,197,344,214,307,230,280,175,282,195,242,205,216,213,196,144,273,155,227,161,199,166,176,116,274,120,235,122,212,125,193,87,284,79,258,75,240,73,224
-1,0,463,397,430,362,416,314,411,279,414,250,464,263,419,260,408,294,414,312,483,268,428,269,418,308,428,322,499,283,446,282,434,316,443,329,509,304,468,296,452,317,454,329
-1,0,109,395,161,383,197,343,214,304,230,277,174,280,192,240,202,215,209,196,142,270,152,223,156,196,160,174,113,272,116,233,118,211,120,192,83,282,75,256,70,240,68,225
-1,0,463,399,431,367,417,321,410,287,414,262,464,266,422,256,408,289,412,310,486,271,436,264,420,301,425,320,503,285,456,276,436,310,439,328,514,305,476,292,453,311,451,327
-1,0,108,397,159,383,195,344,211,306,227,279,172,280,190,241,200,215,208,195,140,270,149,225,154,197,159,175,110,272,113,235,115,213,118,193,81,283,73,257,68,241,67,225
-1,0,469,422,430,411,398,375,379,344,366,317,433,322,416,283,397,272,378,272,457,314,440,266,418,242,396,228,483,315,481,264,467,236,450,216,509,326,522,286,519,262,507,243
-1,0,86,416,138,402,175,361,193,321,209,293,152,294,171,251,180,225,187,203,120,285,129,238,134,208,138,183,89,287,91,245,92,222,94,201,57,300,48,271,42,252,41,233
-1,0,456,464,422,450,393,417,375,384,363,351,426,360,404,327,382,322,366,328,450,350,432,298,416,267,401,242,476,352,478,298,473,263,465,234,503,367,523,331,530,302,530,277
-1,0,59,429,108,411,145,370,168,329,185,298,123,301,144,255,155,226,162,201,90,291,102,239,108,206,111,179,58,293,62,249,64,222,65,199,25,306,18,275,12,255,9,234
-1,0,457,477,418,459,388,423,371,388,364,354,424,366,402,333,380,329,362,335,447,355,430,305,414,274,399,247,474,357,475,305,473,270,466,240,503,371,523,338,531,312,532,287
-1,0,48,431,97,415,136,374,158,332,177,301,115,303,138,257,149,227,156,202,82,292,95,238,101,205,104,179,50,295,53,248,55,219,57,195,16,310,6,277,-1,254,-7,232
-1,0,449,479,410,462,380,428,360,394,349,361,415,368,392,336,369,335,353,343,437,356,420,307,403,277,389,249,465,357,467,304,463,269,457,238,493,371,518,340,529,315,534,291
-1,0,39,432,89,417,127,373,147,329,167,297,104,299,125,252,134,220,139,195,69,289,79,234,85,199,87,172,36,293,38,245,38,214,37,189,4,309,-5,278,-13,258,-19,239
-1,0,454,479,414,473,380,442,358,409,349,377,413,376,389,344,367,346,351,357,437,363,418,311,403,280,390,251,467,365,468,311,466,278,461,248,498,381,523,350,535,326,541,303
-1,0,38,435,90,422,133,381,157,336,175,303,112,303,135,255,146,223,153,199,78,292,90,237,96,202,101,174,45,294,48,247,49,216,51,189,10,308,0,276,-10,254,-16,232
-1,0,452,479,412,472,380,441,358,409,349,376,414,377,392,344,369,344,353,354,437,364,420,313,404,281,391,253,467,366,470,312,469,279,464,249,497,382,524,351,536,326,543,303
-1,0,37,436,88,424,132,383,157,339,177,306,112,304,137,256,149,223,156,199,76,292,90,236,96,200,100,172,42,294,47,246,48,214,50,187,8,309,-2,276,-11,253,-17,230
-1,0,460,479,423,473,390,439,367,408,351,376,422,377,397,346,375,345,359,352,446,364,428,311,414,279,403,251,476,367,480,313,479,278,476,246,505,385,532,355,546,330,554,307
-1,0,39,442,92,429,137,386,161,342,181,309,119,307,142,259,154,228,161,203,83,295,95,239,102,203,107,175,49,297,53,249,54,217,56,190,13,310,2,278,-6,255,-11,232
-1,0,460,479,422,473,391,439,369,406,357,373,424,376,401,344,379,342,363,350,449,363,432,309,418,277,407,249,480,366,485,312,484,277,480,246,509,384,537,354,550,329,557,305
-1,0,38,442,91,430,138,389,164,345,184,312,118,310,143,261,156,229,164,204,83,297,97,240,105,204,110,175,49,299,54,250,56,218,58,190,13,312,3,278,-5,254,-11,230
-1,0,468,479,432,474,399,440,378,407,367,372,430,376,410,344,390,339,374,344,457,363,441,308,428,274,418,246,489,366,493,313,492,277,489,245,520,385,546,354,560,329,567,306
-1,0,43,448,96,434,142,393,167,349,187,316,126,312,151,265,163,233,171,208,90,299,104,243,111,207,117,178,55,300,61,251,64,219,68,192,18,314,6,279,0,253,-4,228
-1,0,475,479,434,475,400,440,379,405,369,368,431,376,412,342,391,337,374,342,458,363,441,308,429,273,417,243,489,366,494,312,494,277,491,245,522,384,547,352,561,328,568,304
-1,0,48,450,100,434,146,394,170,350,190,318,128,314,153,266,165,234,172,209,92,301,106,244,114,208,120,178,57,303,63,252,66,221,70,194,20,317,10,280,4,255,2,230
-1,0,465,479,428,473,396,438,375,404,365,369,429,376,409,343,388,338,371,345,454,363,437,308,423,275,411,247,485,366,488,312,489,277,485,246,517,384,541,351,554,326,561,303
-1,0,54,453,107,439,152,396,175,352,195,319,138,318,163,270,177,239,186,214,103,304,118,247,127,211,133,182,68,304,75,254,79,223,84,196,32,317,24,282,19,258,18,234
-1,0,467,479,429,470,397,436,376,403,366,370,429,375,409,344,388,338,371,341,452,362,435,309,421,277,409,250,482,364,486,311,486,279,483,250,512,381,537,351,550,326,557,303
-1,0,58,454,111,440,157,401,181,355,200,322,144,320,170,272,183,241,193,215,110,305,126,248,135,212,142,183,75,305,82,255,86,223,92,196,39,318,32,282,27,258,27,234
-1,0,463,479,428,467,396,434,374,403,365,369,428,375,409,344,388,339,371,343,451,362,435,310,421,278,409,250,480,364,484,311,484,278,480,249,510,379,535,349,548,325,556,303
-1,0,59,454,113,440,159,401,183,356,205,324,146,321,174,274,187,244,197,219,111,307,127,249,136,213,143,184,76,306,84,254,88,223,93,195,40,318,32,281,28,257,29,233
-1,0,459,479,423,463,394,430,374,399,364,368,425,373,405,344,384,339,366,341,447,361,431,311,418,281,406,254,475,362,479,312,480,281,476,253,504,378,528,349,541,326,547,306
-1,0,69,454,123,438,167,401,190,356,209,322,158,325,184,278,198,248,207,223,124,309,140,253,149,218,156,189,90,307,98,259,104,229,110,202,54,317,48,282,44,258,44,235
-1,0,461,479,424,463,393,430,373,397,364,365,424,374,404,345,384,338,368,341,446,362,429,312,416,281,405,255,474,363,477,313,477,282,473,255,503,377,527,349,539,326,545,305
-1,0,73,454,126,437,169,400,193,357,211,325,160,326,188,281,202,252,211,227,127,311,143,255,152,220,159,192,94,309,101,260,105,230,110,203,59,319,51,284,47,260,46,237
-1,0,454,479,418,463,389,429,369,398,356,368,420,374,398,347,377,342,360,344,441,362,423,314,410,285,399,261,467,363,471,315,470,285,466,258,495,378,518,350,528,328,532,308
-1,0,85,456,136,438,178,401,198,358,217,325,169,329,195,286,208,257,218,232,138,314,153,261,162,228,169,200,105,312,112,267,117,237,123,211,71,322,65,289,62,266,61,243
-1,0,451,478,416,461,387,427,369,396,360,366,419,377,400,349,379,342,362,343,439,365,422,317,410,288,399,263,465,365,468,317,468,287,463,262,493,377,517,349,527,326,530,305
-1,0,88,452,140,436,180,399,199,357,217,325,174,329,201,287,214,259,222,235,142,314,158,261,167,228,173,202,110,313,117,265,121,236,126,211,77,323,69,289,65,267,63,244
-1,0,452,479,417,462,391,428,375,396,369,367,422,379,403,350,382,345,365,347,442,367,425,322,412,294,400,271,467,367,468,321,467,292,462,267,493,379,513,350,522,327,525,306
-1,0,102,444,151,428,191,395,211,354,226,322,185,328,211,287,223,260,231,238,155,314,171,263,180,232,187,207,125,312,133,265,138,238,144,215,92,320,88,287,86,265,87,244
-1,0,452,479,417,463,390,429,373,398,367,369,422,381,403,353,382,347,365,350,441,369,425,326,412,298,401,275,465,369,468,323,467,294,462,269,491,380,512,350,519,327,518,305
-1,0,110,429,156,416,197,385,217,346,233,316,192,318,218,279,230,254,239,232,165,303,182,255,192,226,199,201,137,301,145,257,151,231,158,209,106,308,101,277,99,256,99,235
-1,0,451,479,417,462,391,430,374,399,365,369,420,382,401,354,380,349,364,351,440,370,424,326,411,299,400,276,464,369,467,324,465,296,460,271,490,380,509,349,515,325,514,304
-1,0,112,425,160,412,199,380,218,341,234,312,195,316,221,278,235,254,245,232,168,301,185,255,195,225,203,201,139,298,148,256,154,230,161,209,109,305,105,275,103,254,104,234
-1,0,452,479,416,465,388,432,370,400,357,371,418,382,397,356,377,352,362,355,437,370,420,327,407,299,396,275,461,369,463,324,461,296,456,271,487,380,505,348,511,325,509,303
-1,0,112,415,158,401,195,373,213,335,230,306,194,310,222,273,235,249,245,227,168,296,187,251,197,221,205,197,141,292,151,251,159,226,166,205,111,298,110,267,110,247,112,227
-1,0,450,479,416,464,389,432,371,401,359,371,418,383,398,356,378,351,362,353,437,370,422,327,409,301,398,278,461,369,463,324,461,296,455,271,486,380,504,348,510,324,509,302
-1,0,112,413,158,401,193,371,211,333,228,304,194,309,221,273,233,248,243,226,168,294,186,250,196,221,204,197,140,291,151,251,158,227,165,206,110,298,109,268,108,248,109,228
-1,0,450,479,416,463,390,431,372,400,360,370,418,384,399,357,379,352,363,355,438,372,422,329,409,302,398,278,461,371,464,326,461,297,455,271,486,380,503,349,509,325,508,303
-1,0,116,414,159,400,193,370,208,333,225,306,192,309,217,274,229,251,238,231,167,296,184,253,193,225,200,202,140,294,150,256,156,231,162,211,111,301,108,272,108,252,110,234
-1,0,452,478,417,462,390,431,372,401,362,371,419,384,399,357,379,352,363,354,438,372,422,329,408,302,397,278,462,370,464,326,462,297,456,272,487,380,504,349,509,325,507,304
-1,0,116,415,159,402,193,372,209,335,225,307,192,311,217,275,229,251,237,230,167,297,184,253,194,225,202,202,140,295,150,257,157,233,164,212,110,303,108,274,107,255,108,236
-1,0,450,476,415,460,389,431,372,401,360,372,417,384,397,357,378,352,363,354,437,372,421,329,408,302,397,278,461,371,463,325,461,297,455,272,487,380,503,348,507,324,505,302
-1,0,116,417,160,405,194,375,209,338,226,312,193,314,217,278,229,254,238,233,168,300,185,256,195,228,203,205,141,298,151,259,157,235,163,215,112,305,110,276,109,257,110,238
-1,0,449,477,413,461,388,431,370,401,358,372,416,385,396,358,377,353,361,355,435,373,418,330,406,303,394,279,458,372,461,327,459,299,453,274,484,381,501,349,505,325,502,303
-1,0,117,419,160,406,193,376,209,340,225,313,193,315,217,280,229,257,238,237,168,302,186,258,195,230,203,208,141,300,152,262,158,238,165,217,112,307,110,278,110,259,111,240
-1,0,447,477,413,460,387,431,369,401,357,372,416,385,396,358,377,353,362,354,435,373,420,330,407,303,395,279,459,372,461,328,458,299,453,274,483,381,499,349,504,326,503,304
-1,0,117,419,160,406,193,376,208,339,225,312,193,315,217,280,229,257,238,237,168,302,185,258,195,231,203,208,141,300,152,262,158,238,165,218,112,307,109,279,108,260,109,241
-1,0,448,477,413,462,386,432,368,402,356,373,415,386,395,359,375,353,361,355,434,373,418,330,405,303,394,279,458,372,460,327,458,298,452,273,482,382,499,350,504,326,501,304
-1,0,115,419,159,408,192,378,208,342,225,315,192,317,216,282,228,259,237,238,167,303,185,260,194,232,202,209,141,301,151,262,158,238,164,218,111,309,109,280,109,261,110,242
-1,0,451,477,415,461,387,432,367,402,355,374,415,386,395,360,376,355,362,356,435,374,418,331,405,304,393,280,458,372,460,328,457,300,451,275,483,381,499,350,503,327,501,305
-1,0,116,420,159,407,192,379,208,342,225,316,192,317,216,282,228,259,237,239,167,304,185,261,194,233,202,211,141,302,151,264,157,240,163,219,112,309,109,281,109,261,110,242
-1,0,451,478,416,463,388,435,368,405,355,375,414,386,394,359,375,354,360,356,434,374,418,330,405,303,393,280,457,372,459,328,456,300,450,275,483,381,498,350,503,326,501,305
-1,0,117,419,161,408,193,379,208,342,224,316,193,318,216,283,229,259,238,239,168,304,185,260,195,233,203,210,141,302,152,263,158,239,165,219,112,309,110,280,109,261,111,243
-1,0,449,478,414,463,387,434,368,404,355,376,414,386,394,359,374,354,359,356,433,374,418,330,405,303,393,280,457,372,458,327,456,299,450,274,482,382,498,350,502,326,499,305
-1,0,116,420,159,409,192,380,208,343,225,316,193,318,217,283,229,259,237,239,168,304,185,261,195,233,203,210,141,301,152,263,159,240,165,219,112,308,110,280,109,261,110,243
-1,0,447,478,413,462,386,433,367,404,355,375,414,386,394,359,376,354,361,357,434,374,418,331,405,304,393,281,457,373,459,329,456,300,450,275,483,383,499,351,503,328,501,306
-1,0,117,421,161,409,194,380,209,343,226,317,194,319,218,283,230,260,238,240,169,305,186,261,196,233,204,210,142,303,152,264,159,240,166,220,113,310,111,281,110,261,112,243
-1,0,449,477,413,462,386,433,367,402,356,373,415,387,395,360,376,355,361,356,435,375,418,332,405,304,394,281,458,374,460,329,457,300,451,275,484,383,499,350,503,327,500,305
-1,0,117,421,161,409,194,380,209,344,226,318,194,319,218,285,230,262,239,241,169,306,187,262,196,234,204,212,143,303,153,265,159,241,166,221,113,311,111,282,111,263,113,244
-1,0,449,478,414,463,387,434,368,404,356,375,415,388,394,359,375,355,361,358,435,375,418,331,405,304,393,280,458,373,459,328,457,300,451,275,484,382,499,351,503,327,501,306
-1,0,118,422,161,410,194,381,210,345,226,318,194,319,219,284,231,261,239,241,170,306,187,262,197,235,205,212,143,304,153,265,160,241,166,220,114,311,112,282,111,263,112,244
-1,0,449,478,414,463,387,433,368,404,356,375,416,386,395,359,376,354,360,355,435,373,418,330,405,304,393,280,459,372,460,327,457,299,451,274,484,382,500,350,504,326,500,305
-1,0,118,421,161,410,195,381,210,344,227,317,195,320,219,284,231,261,240,241,170,305,187,261,197,234,205,211,143,303,153,264,160,240,166,219,114,310,112,281,111,261,112,243
-1,0,447,478,413,463,387,433,369,403,358,374,416,387,396,360,377,355,361,357,435,374,419,331,406,305,394,281,458,373,460,327,458,299,452,274,483,383,500,351,505,327,502,305
-1,0,118,422,161,410,195,381,210,345,227,318,195,320,219,284,231,261,240,240,170,306,187,262,197,234,205,212,143,303,153,264,160,240,166,219,114,310,111,281,110,262,112,243
-1,0,449,478,414,463,387,433,369,403,359,374,416,387,396,361,377,355,362,355,436,374,419,331,406,304,395,281,460,373,461,327,459,299,453,274,485,382,502,351,506,328,503,307
-1,0,117,423,160,411,194,382,210,346,227,319,195,319,219,284,231,261,240,241,170,306,188,262,198,235,206,212,144,303,154,265,161,241,168,220,114,311,112,282,112,263,113,244
-1,0,448,479,413,463,388,433,369,403,357,375,417,386,396,360,377,354,362,355,436,374,420,331,407,304,396,280,460,373,462,327,459,299,453,274,485,383,502,351,506,327,503,306
-1,0,118,422,161,409,195,381,210,344,227,318,195,319,219,284,231,261,240,241,170,306,188,262,198,235,205,212,144,303,154,265,160,241,166,221,115,311,112,282,112,263,113,244
-1,0,450,478,415,463,388,433,370,403,357,374,417,385,395,358,375,349,358,345,437,373,421,330,408,302,396,279,461,372,463,327,460,299,454,274,486,382,503,351,508,327,505,306
-1,0,118,422,161,411,195,382,211,345,227,319,195,320,219,285,231,262,240,241,170,306,187,263,198,235,205,212,143,304,154,265,160,241,167,220,114,311,112,282,111,263,113,244
-1,0,451,479,415,463,388,433,370,403,356,375,417,386,396,359,376,350,359,345,437,373,422,330,409,303,398,279,461,372,463,327,460,299,454,274,486,382,503,351,508,327,505,306
-1,0,118,422,161,411,195,382,211,345,227,319,195,320,219,285,231,262,240,241,170,306,187,263,198,235,205,212,143,304,154,265,161,241,167,220,114,311,112,282,111,263,112,244
-1,0,453,479,416,465,388,433,372,401,357,372,418,384,397,353,379,335,364,320,441,373,425,330,412,301,400,277,465,372,465,327,461,298,454,272,491,381,506,349,509,326,505,304
-1,0,119,422,162,410,196,381,211,345,228,319,196,320,220,285,232,262,241,241,171,306,189,263,198,235,206,212,144,304,154,265,161,241,167,221,115,311,113,283,112,263,114,244
-1,0,452,479,420,462,398,421,389,387,377,359,431,376,418,343,404,326,392,315,453,372,442,333,428,313,413,306,478,375,479,331,471,313,459,312,505,383,513,347,506,332,493,334
-1,0,119,421,163,410,199,381,215,345,232,319,195,320,218,284,230,261,238,240,170,306,186,262,194,235,201,212,143,303,153,264,158,239,164,218,115,311,112,282,111,263,112,244
-1,0,449,479,420,464,403,418,397,386,389,361,437,376,422,340,401,339,388,353,458,371,449,326,428,325,414,341,482,375,485,323,465,319,452,333,506,386,513,347,498,339,484,349
-1,0,119,420,163,409,199,380,217,345,233,320,194,320,217,284,228,261,236,240,168,306,185,262,194,234,201,211,142,303,151,263,156,238,162,217,114,310,111,282,110,262,111,243
-1,0,448,479,422,455,408,407,405,371,414,342,438,379,422,343,404,359,398,380,457,379,441,335,417,362,411,392,479,385,470,334,442,361,434,391,503,398,494,358,470,370,458,392
-1,0,119,417,162,405,199,376,218,343,235,318,189,317,208,283,216,260,222,240,163,306,177,266,182,241,184,219,137,304,145,264,148,239,151,216,110,312,105,281,103,260,102,240
-1,0,449,479,423,454,407,408,407,370,413,340,435,378,420,339,401,361,396,386,454,380,438,334,416,366,413,395,477,387,465,337,439,366,432,395,502,400,490,363,467,377,457,398
-1,0,120,415,163,404,199,375,218,341,234,317,188,317,205,283,212,261,216,241,162,306,174,267,178,244,180,224,136,304,143,265,145,241,147,219,109,311,104,280,102,260,101,240
-1,0,456,479,428,454,416,405,408,373,400,345,449,375,436,335,412,323,390,322,465,377,454,330,423,322,398,329,479,386,477,337,448,327,423,329,491,401,481,365,459,350,439,346
-1,0,120,415,165,405,200,373,219,340,236,316,185,315,200,282,206,260,209,240,159,305,170,266,173,242,175,222,133,304,139,264,140,240,142,217,106,312,99,280,96,260,95,239
-1,0,485,479,441,441,429,395,419,366,407,343,491,363,450,324,418,303,391,288,498,370,451,320,413,298,385,283,495,386,460,330,425,308,397,294,480,407,458,367,434,348,412,336
-1,0,121,416,165,405,200,373,218,339,234,315,184,315,198,280,205,258,208,238,158,304,168,264,171,238,172,217,132,304,137,263,138,238,139,215,104,313,97,281,94,260,93,239
-1,0,487,479,447,437,437,392,427,363,414,341,496,359,456,317,425,296,400,282,502,368,455,317,421,291,393,273,495,386,456,328,425,303,398,286,476,407,449,364,426,343,404,330
-1,0,123,416,167,403,201,372,219,338,234,314,184,314,198,280,205,257,209,238,157,304,168,263,172,237,174,216,131,304,135,262,137,236,140,214,104,312,97,280,93,259,93,238
-1,0,501,474,518,432,514,383,492,347,469,327,525,359,487,300,455,274,431,259,508,375,466,308,436,275,413,252,484,395,448,330,424,297,407,273,456,418,425,367,407,341,393,321
-1,0,122,418,170,400,199,368,216,335,232,311,179,313,196,276,205,255,213,237,153,303,166,262,174,236,182,215,127,305,133,262,137,236,143,212,100,315,93,281,89,260,90,238
-1,0,497,479,519,439,521,386,501,346,477,322,533,364,499,301,470,277,449,264,513,379,471,307,444,273,425,249,484,398,449,329,428,293,414,268,453,419,426,366,409,339,394,318
-1,0,125,417,167,401,198,364,213,331,225,308,176,308,190,271,203,252,215,238,150,301,161,260,173,236,185,219,125,305,129,262,136,236,147,214,100,317,93,285,93,264,97,243
-1,0,507,479,530,435,530,384,507,346,482,325,540,365,509,300,484,277,465,267,514,377,475,305,452,270,435,245,483,393,449,324,430,288,416,261,450,411,423,362,408,338,394,317
-1,0,124,415,165,394,188,353,200,322,213,297,167,303,180,265,194,248,209,236,147,300,158,259,175,240,192,227,128,308,132,265,143,241,158,221,109,325,106,296,111,276,120,257
-1,0,509,479,531,439,533,388,510,349,485,329,543,369,511,301,486,277,468,266,517,384,476,307,453,270,436,245,485,402,451,328,432,289,418,260,452,422,425,366,410,339,396,316
-1,0,123,412,162,391,183,349,194,319,206,295,165,302,177,266,190,247,202,233,148,298,161,259,180,241,198,229,131,304,138,262,153,241,169,223,114,318,113,291,120,273,128,257
-1,0,496,479,525,439,531,387,509,347,483,324,545,372,516,302,490,277,472,265,515,385,478,307,455,270,440,243,481,400,450,328,431,290,418,261,447,417,422,365,408,338,395,314
-1,0,113,408,154,379,169,336,178,310,187,285,147,299,161,263,179,242,197,227,133,301,148,260,173,239,195,226,121,312,133,270,153,248,172,232,113,331,128,307,145,290,161,276
-1,0,499,479,527,444,533,393,510,353,485,330,545,375,516,307,491,280,473,267,514,387,478,310,457,271,442,244,479,401,450,328,431,289,418,260,444,417,421,365,406,338,394,314
-1,0,110,407,152,375,166,333,175,307,182,283,141,299,151,264,169,243,186,227,129,303,146,263,171,241,195,226,119,316,131,275,151,252,170,235,113,337,126,311,144,294,162,280
-1,0,498,479,527,443,533,391,511,350,486,327,544,373,516,305,492,281,474,269,513,385,478,310,458,271,443,244,479,400,449,329,431,290,417,261,444,416,420,364,406,337,394,313
-1,0,101,404,147,369,157,328,163,305,172,285,122,293,147,260,171,240,192,227,114,299,144,258,173,238,197,223,113,313,138,271,160,249,178,233,119,334,139,310,154,293,168,279
-1,0,502,479,529,443,533,391,511,350,486,327,544,375,517,307,494,283,478,271,514,388,478,311,458,272,443,245,479,403,450,331,432,292,419,262,445,420,422,367,408,339,395,315
-1,0,97,402,141,365,151,325,159,302,173,282,116,292,145,256,170,236,191,223,111,297,144,254,173,234,198,222,113,312,142,269,167,248,188,235,122,333,146,312,165,298,182,287
-1,0,499,479,526,439,531,389,509,352,484,331,542,369,513,304,489,282,473,273,513,380,476,307,454,271,438,247,480,394,449,326,430,290,416,263,446,411,421,363,406,337,393,316
-1,0,96,404,141,366,151,324,159,300,173,281,118,293,145,259,169,239,189,224,111,298,142,256,171,235,195,221,110,312,137,270,161,249,181,233,117,333,140,311,159,296,175,285
-1,0,498,479,524,441,529,390,508,352,482,330,541,370,510,302,483,279,464,271,515,382,479,308,454,272,436,247,483,398,454,327,433,290,418,262,449,416,425,365,409,340,394,318
-1,0,97,407,143,370,153,328,161,305,172,284,119,293,143,259,167,239,187,224,111,298,141,257,170,236,194,222,109,313,135,271,159,250,179,234,115,335,136,312,153,295,167,282
-1,0,497,479,518,440,517,389,498,352,475,335,529,363,491,300,460,278,440,268,513,376,475,305,446,272,427,250,488,393,458,320,435,285,419,259,460,413,432,360,413,334,396,314
-1,0,100,414,137,385,151,340,160,310,169,284,133,302,143,264,162,242,181,226,118,305,127,262,149,241,172,226,104,319,108,274,128,253,149,238,93,341,98,314,114,299,131,288
-1,0,497,479,518,442,517,392,498,355,474,337,529,363,491,301,460,279,441,269,512,375,474,305,446,273,427,252,488,391,458,321,436,286,421,259,460,412,432,361,413,335,396,313
-1,0,97,415,135,384,151,340,161,311,169,284,131,305,142,267,161,244,181,227,116,308,127,265,150,243,172,228,102,322,108,277,127,254,148,239,90,342,98,314,115,298,134,287
-1,0,485,479,473,448,467,403,456,368,440,343,514,369,476,314,446,290,424,272,509,378,470,313,440,284,415,264,493,392,458,325,433,295,414,273,467,411,440,355,420,329,404,312
-1,0,68,432,101,402,118,358,130,324,142,292,84,314,91,275,111,254,132,242,70,313,78,271,101,248,126,238,56,318,61,274,80,251,103,239,41,329,39,291,51,266,67,250
-1,0,476,479,443,446,434,402,424,373,410,351,510,376,477,325,443,303,417,290,516,382,475,320,438,299,410,288,509,392,474,328,439,308,411,299,487,406,458,359,435,344,415,339
-1,0,473,479,444,444,434,400,420,369,407,344,510,374,477,325,443,311,416,307,516,381,475,320,439,308,412,307,510,393,480,329,446,317,419,315,491,409,467,362,447,347,427,341
-1,0,466,479,437,437,429,393,418,363,412,340,512,369,465,322,430,337,416,359,518,375,461,318,420,341,410,368,512,386,462,327,427,350,420,378,496,399,466,351,444,359,440,379
-1,0,455,479,414,436,411,397,408,366,407,344,480,368,431,328,401,342,392,363,484,371,428,324,394,345,389,367,479,379,421,333,392,356,393,378,464,391,420,356,402,371,406,390
-1,0,447,479,408,446,401,412,391,386,380,367,467,375,421,338,394,349,385,366,468,377,415,334,389,352,383,370,462,385,405,346,384,365,382,382,447,396,403,370,389,381,389,394
-1,0,431,479,423,457,409,420,390,393,373,379,422,383,379,357,353,366,344,379,415,387,361,365,339,381,335,397,405,398,349,380,332,397,331,411,391,413,345,398,332,407,329,416
-1,0,429,479,426,457,411,426,390,406,369,397,412,392,366,377,347,392,343,409,403,394,346,382,335,406,339,424,391,403,335,395,330,422,339,439,378,418,333,410,329,429,336,442
-1,0,421,479,421,455,405,427,380,411,356,410,400,398,353,385,339,402,342,418,386,403,335,401,330,423,340,437,371,415,322,415,322,438,334,450,357,431,314,425,315,443,326,455
-1,0,417,479,418,453,404,425,379,409,356,408,401,399,351,389,341,408,347,424,386,403,334,401,332,424,344,438,371,416,320,416,323,440,337,452,355,433,312,427,315,446,327,457
-1,0,419,479,418,451,401,423,375,409,351,409,399,398,352,391,339,406,341,420,384,403,333,401,329,422,339,437,369,415,318,416,320,439,333,453,353,432,311,428,313,447,324,459
-1,0,421,479,420,453,403,426,377,413,353,414,401,401,356,395,346,413,352,429,385,405,335,403,332,424,342,440,369,416,320,417,322,440,335,454,354,432,312,429,315,449,326,462
-1,0,421,479,420,449,406,423,382,409,360,410,400,398,353,394,345,414,353,430,385,402,335,403,334,428,345,444,369,414,321,417,325,443,339,458,354,430,311,426,313,446,325,461
-1,0,421,479,419,448,403,421,379,408,356,409,400,397,354,394,344,415,349,432,384,402,335,405,333,430,344,447,369,413,321,419,326,445,341,462,354,430,312,426,314,446,326,460
-1,0,419,479,416,447,400,421,375,408,353,409,397,397,350,395,341,415,347,431,383,402,334,405,331,428,341,442,368,415,320,418,322,441,335,455,353,432,311,428,311,446,322,459
-1,0,417,479,415,446,400,420,376,406,355,407,398,397,353,393,343,413,348,427,384,402,335,403,331,426,341,440,369,415,321,417,321,441,334,454,355,432,311,428,312,447,323,459
-1,0,419,479,416,446,400,420,375,407,353,409,398,396,351,397,344,418,352,434,384,401,334,405,332,430,343,445,370,413,319,418,323,444,337,458,356,431,312,427,313,447,325,460
-1,0,418,479,416,446,400,420,376,407,354,408,398,396,352,397,344,418,351,434,384,401,334,406,331,430,342,445,370,413,319,419,323,445,337,460,356,430,312,429,313,449,325,462
-1,0,418,479,414,444,399,419,374,406,351,407,395,395,346,396,338,418,345,435,383,400,329,407,328,433,339,449,370,412,317,420,322,447,337,462,356,430,312,429,313,449,325,462
-1,0,418,478,414,444,397,419,372,407,350,408,394,394,346,395,338,414,346,429,381,400,330,404,329,427,340,441,368,412,317,418,321,443,335,456,354,431,311,430,312,449,324,462
-1,0,418,479,414,446,397,419,371,408,348,411,395,396,348,396,341,417,350,432,383,401,331,404,330,427,341,441,370,413,317,417,320,443,334,457,356,431,311,429,312,449,324,463
-1,0,418,478,414,442,395,416,369,405,346,407,393,395,345,394,336,411,341,423,380,401,330,402,327,423,337,434,367,414,316,416,318,440,332,451,354,432,310,430,311,449,323,461
-1,0,419,479,415,445,397,419,368,407,345,410,394,396,345,396,339,416,347,429,381,401,329,402,328,425,339,438,368,414,315,417,321,443,336,457,354,433,310,430,313,450,325,463
-1,0,420,479,417,447,397,421,369,411,347,416,394,398,344,398,339,419,348,433,382,402,328,403,327,428,339,441,369,414,314,418,320,445,335,458,356,433,310,432,313,452,326,465
-1,0,420,479,412,448,391,423,363,413,340,416,390,399,340,399,335,419,346,433,379,404,326,404,325,426,337,438,366,416,313,418,317,443,331,454,354,434,310,434,312,454,325,466
-1,0,419,479,411,452,391,426,362,415,338,416,392,400,344,399,336,416,343,429,379,405,327,402,324,421,334,434,366,417,314,414,315,436,327,448,353,436,310,435,309,452,318,464
-1,0,422,479,409,449,386,426,355,418,330,422,385,402,335,405,327,425,333,441,374,407,320,412,318,435,328,450,363,420,309,424,310,449,321,464,352,437,307,438,306,455,313,466
-1,0,418,479,406,450,384,428,355,421,332,427,381,406,336,409,324,427,326,440,370,411,319,413,313,435,320,450,359,424,306,424,304,448,313,463,348,443,304,443,301,459,307,470
-1,0,420,479,409,452,386,430,358,420,335,425,381,405,333,410,320,427,322,440,370,410,316,413,310,433,315,447,359,422,305,423,303,446,312,459,349,442,305,442,300,457,305,468
-1,0,422,479,410,455,387,434,359,425,337,428,384,406,337,410,327,429,332,442,372,411,319,411,314,432,322,445,361,423,307,421,306,443,316,456,351,442,306,440,304,457,314,468
-1,0,423,479,411,454,387,431,357,422,332,426,384,406,337,409,326,427,330,441,372,410,319,412,314,433,322,446,361,423,307,423,307,445,318,458,350,441,306,440,305,457,312,468
-1,0,423,479,414,453,392,430,364,421,341,425,387,406,345,410,331,424,328,433,373,411,325,411,316,427,317,437,361,423,311,421,309,440,316,452,350,441,308,441,305,455,310,465
-1,0,425,479,414,452,391,430,363,421,339,424,388,405,341,408,323,420,317,430,376,410,324,411,313,429,313,442,364,422,312,424,308,445,314,459,352,441,311,439,305,451,306,460
-1,0,428,479,413,449,388,432,360,426,337,430,390,406,345,412,328,429,323,443,380,410,331,420,324,443,325,461,369,422,320,429,317,452,321,468,357,439,324,428,307,426,294,423
-1,0,431,479,415,453,391,439,365,439,345,443,401,406,360,412,340,427,332,439,391,408,348,417,337,437,335,453,380,416,337,424,330,444,330,457,367,429,331,424,313,426,299,428
-1,0,447,473,424,456,405,439,384,428,365,422,423,393,378,396,368,419,375,437,418,393,370,397,365,423,375,440,408,400,359,402,357,428,370,445,395,414,355,405,351,422,359,437
-1,0,456,473,444,452,424,434,400,423,381,421,438,392,398,396,394,418,403,436,427,393,385,399,384,422,394,437,413,401,370,407,374,431,387,447,396,414,357,413,358,432,369,447
-1,0,449,479,450,450,437,430,419,423,401,425,435,408,404,413,400,429,406,444,419,408,384,416,382,435,390,449,402,414,367,420,369,442,378,456,387,425,354,424,353,439,359,450
-1,0,449,479,450,455,439,434,422,423,404,420,439,409,413,413,407,429,412,443,423,409,389,415,386,434,394,449,406,416,371,421,372,442,382,456,391,425,356,425,354,440,361,452
-1,0,446,479,450,455,442,433,424,422,407,421,440,410,411,414,404,429,408,443,424,410,389,417,385,437,393,453,407,415,372,422,371,444,382,460,390,425,359,423,355,437,360,448
-1,0,447,479,449,454,440,432,421,421,403,420,438,408,402,412,396,428,401,444,423,408,383,415,379,434,386,449,407,415,367,420,366,441,376,455,391,426,359,423,356,437,361,449
-1,0,454,475,456,449,447,428,431,417,414,416,441,406,412,413,409,427,417,439,425,407,393,414,392,430,402,441,409,413,375,417,376,435,386,445,395,424,363,423,362,438,370,448
-1,0,456,473,460,447,452,425,436,414,419,413,446,404,418,409,415,422,422,434,429,406,401,410,400,424,409,434,412,413,382,414,382,429,391,437,396,424,366,422,365,436,373,444
-1,0,458,470,460,447,450,426,432,414,415,413,445,403,409,410,409,426,419,437,430,404,398,411,399,426,409,435,414,412,383,415,386,429,397,436,399,423,371,423,373,437,382,445
-1,0,456,469,462,445,454,424,435,413,418,412,449,402,418,407,415,421,422,432,433,403,400,407,399,422,408,432,415,410,382,411,381,428,391,437,398,421,368,418,368,433,377,442
-1,0,457,469,461,445,451,425,433,415,417,415,445,404,416,408,413,423,420,437,429,405,398,411,397,427,406,439,411,412,380,415,381,433,391,444,395,422,366,420,367,435,374,445
-1,0,455,470,459,445,448,425,429,417,411,417,446,404,418,410,414,425,420,439,429,404,398,411,398,428,406,442,411,410,379,415,381,436,391,450,395,420,364,419,365,436,373,449
-1,0,452,472,458,447,449,426,431,416,413,416,446,404,418,410,414,425,420,439,428,404,396,410,394,427,402,441,410,411,376,414,376,433,386,446,393,421,363,420,363,435,371,447
-1,0,452,470,453,447,441,428,426,421,410,423,432,406,416,416,416,428,420,439,416,408,398,419,400,433,406,443,401,416,381,425,383,439,389,450,388,427,366,434,363,444,365,451
-1,0,447,468,448,445,434,427,418,422,404,424,430,406,417,414,418,425,424,432,414,409,402,418,405,428,412,435,400,418,389,426,392,435,399,441,388,430,378,439,380,448,384,455
-1,0,434,465,432,443,420,427,405,424,393,427,407,409,403,420,407,428,410,431,396,413,393,425,398,433,403,436,387,423,385,433,392,440,398,442,380,434,380,442,387,448,391,451
-1,0,420,465,415,447,401,432,387,428,375,431,393,421,381,414,373,410,369,406,385,424,372,424,373,430,377,434,378,431,367,433,371,440,377,443,372,440,363,444,368,450,374,453
-1,0,415,464,412,446,398,433,383,429,372,433,392,421,380,410,372,402,366,396,383,423,367,428,370,437,376,441,374,430,363,437,367,445,373,448,367,438,359,447,364,455,369,458
-1,0,424,473,408,445,383,427,359,420,339,422,379,397,335,407,322,424,321,437,376,404,332,428,331,452,339,467,373,417,329,437,331,461,340,477,368,433,329,439,328,456,335,469
-1,0,429,479,409,464,388,454,362,453,342,459,387,416,344,431,337,455,344,474,383,416,336,438,337,464,346,479,378,423,331,442,336,468,349,479,371,435,331,439,329,455,336,466
-1,0,425,478,409,451,386,432,361,424,340,425,386,398,350,392,336,398,331,406,382,402,335,426,332,452,339,468,376,414,329,438,331,465,340,479,368,430,328,441,329,460,337,474
-1,0,427,479,402,467,381,459,359,459,342,465,388,412,347,427,343,450,352,468,384,413,339,434,341,459,352,474,379,422,335,439,341,464,355,478,372,436,333,439,331,456,338,468
-1,0,427,476,410,458,390,448,368,448,350,453,390,416,350,427,341,447,344,464,385,417,341,431,335,453,340,469,379,425,335,437,333,460,340,474,373,438,336,442,331,458,334,469
-1,0,429,473,414,451,394,437,373,431,356,434,385,419,345,432,333,449,335,462,382,423,341,438,335,457,338,471,379,432,340,446,337,465,342,477,376,445,342,451,336,465,339,475
-1,0,428,473,409,450,389,438,365,437,348,445,390,413,349,431,341,451,347,467,388,415,346,438,342,461,348,476,384,424,343,444,342,467,350,479,379,438,341,446,337,462,341,474
-1,0,430,471,416,450,398,438,377,437,362,441,393,421,355,432,347,449,352,462,389,423,351,436,346,456,352,471,384,430,348,441,345,462,352,474,379,441,347,444,341,458,343,469
-1,0,72,449,116,428,149,395,169,361,184,330,125,333,158,301,174,302,183,312,101,317,125,266,144,235,159,209,72,316,77,260,81,225,87,195,41,328,28,288,22,261,19,237
-1,0,430,472,417,451,400,441,380,441,365,448,398,425,364,437,358,455,364,467,393,425,359,443,357,463,364,475,387,431,355,447,355,467,363,478,382,439,352,448,350,464,356,474
-1,0,123,423,171,385,201,347,222,313,237,281,183,293,208,267,225,267,236,272,164,280,186,234,206,207,224,184,140,278,148,229,158,198,170,172,113,288,110,248,113,223,120,200
-1,0,177,375,214,367,246,333,269,305,285,280,229,281,251,260,270,258,283,265,210,267,231,227,248,203,263,183,187,263,196,219,206,192,215,170,161,270,155,235,157,210,161,190
-1,0,162,394,211,371,245,337,265,305,280,276,224,283,248,260,264,259,278,263,206,270,228,225,246,201,263,183,184,266,191,217,198,191,210,169,159,272,156,235,158,212,165,191
-1,0,175,386,220,367,255,333,281,303,297,276,235,282,260,262,279,260,292,264,218,268,241,226,260,203,277,185,197,265,206,219,216,192,227,170,173,271,169,234,172,210,179,188
-1,0,179,383,222,367,256,334,281,304,297,278,237,282,262,262,282,259,298,263,220,267,243,226,263,203,280,182,199,263,208,217,218,189,230,167,174,269,170,232,173,209,179,188
-1,0,186,378,227,363,262,331,289,301,307,276,245,280,271,261,288,258,301,262,228,265,253,224,272,201,288,181,207,260,218,215,229,188,240,166,182,264,178,228,182,204,189,182
-1,0,186,377,228,364,262,332,288,301,304,275,245,279,271,260,291,257,306,259,228,264,253,225,272,201,289,181,208,258,217,213,228,187,240,165,184,263,179,227,182,203,188,183
-1,0,187,376,228,362,262,331,288,301,305,276,245,278,271,260,291,257,306,260,229,263,253,224,272,201,288,180,209,258,218,213,229,187,240,165,184,262,180,227,183,204,189,183
-1,0,187,376,228,362,263,331,288,301,304,276,246,278,271,259,290,257,304,260,229,263,253,224,272,201,288,180,209,258,218,213,229,187,240,165,185,263,180,227,183,204,189,184
-1,0,184,377,226,364,260,332,286,301,303,276,247,278,272,259,290,256,303,260,230,263,253,224,272,201,287,180,208,258,218,213,229,187,240,165,183,262,179,226,182,203,189,183
-1,0,184,376,225,363,259,333,285,302,301,276,245,279,270,260,289,258,303,260,228,263,252,224,270,201,286,180,207,257,217,212,227,186,239,165,182,262,178,226,181,203,188,183
-1,0,182,375,223,362,258,331,282,301,298,275,245,277,269,257,287,255,300,258,227,262,250,222,268,199,283,178,205,257,216,211,226,185,237,164,179,262,176,225,179,203,187,183
-1,0,179,375,220,361,255,331,278,299,294,273,242,277,266,255,282,254,294,259,223,261,246,221,264,198,280,176,201,256,212,211,223,184,234,163,176,261,172,225,176,203,183,183
-1,0,177,374,218,361,252,332,276,301,293,274,240,277,263,257,281,254,293,259,222,261,245,221,263,198,278,176,201,255,211,211,221,184,232,162,175,260,171,225,174,202,181,182
-1,0,175,374,216,362,249,333,273,302,290,275,238,277,261,257,279,255,292,259,220,261,243,222,261,198,277,176,198,256,210,211,219,184,231,162,172,261,169,225,172,202,179,182
-1,0,174,374,215,362,248,334,271,302,288,276,240,278,263,258,280,254,293,258,221,262,244,222,261,199,277,177,199,256,209,212,219,185,231,163,172,261,169,226,172,202,179,182
-1,0,172,374,213,361,247,332,269,301,287,275,239,277,261,257,278,254,290,257,220,260,243,221,260,197,276,175,197,255,209,211,218,184,230,162,171,260,167,224,170,201,177,181
-1,0,171,374,212,362,247,333,269,302,287,276,237,277,261,257,277,254,289,257,218,261,242,222,260,198,275,177,196,256,207,211,217,184,228,162,170,261,166,227,169,203,176,183
-1,0,171,375,212,363,246,334,268,302,285,276,237,278,260,257,277,254,289,258,218,261,241,222,259,198,275,176,195,255,207,211,217,185,228,162,169,261,166,226,169,203,175,183
-1,0,170,375,211,362,244,334,267,302,284,275,236,277,259,257,275,254,287,258,217,260,240,221,258,198,274,176,194,255,206,211,216,184,228,162,167,260,164,225,167,202,174,182
-1,0,169,375,210,362,244,334,268,303,285,276,236,278,260,259,276,254,286,258,217,261,241,222,258,198,273,176,194,256,205,211,215,184,227,161,168,261,164,226,167,203,174,183
-1,0,169,374,210,361,243,333,266,302,283,275,235,276,258,256,274,253,286,258,216,260,239,221,256,197,272,174,193,255,205,210,215,184,227,161,167,260,164,225,167,202,173,181
-1,0,168,374,209,361,243,332,266,300,284,274,235,277,257,257,273,252,285,255,216,260,239,221,256,198,272,175,193,255,204,210,214,184,226,161,167,260,163,226,166,203,173,182
-1,0,168,373,209,361,243,333,266,301,283,275,235,277,257,257,274,253,286,255,216,260,239,222,256,198,272,176,193,255,204,211,214,184,226,162,167,260,163,226,166,203,172,182
-1,0,169,373,209,361,243,332,266,300,283,274,234,277,256,259,273,253,285,254,215,260,239,222,256,198,271,175,193,255,204,211,214,184,225,162,166,259,163,225,166,202,172,182
-1,0,169,373,209,361,243,333,266,302,283,275,235,277,257,258,273,252,285,255,216,261,239,222,256,198,272,175,193,255,204,211,214,184,226,162,167,261,163,226,166,203,173,182
-1,0,169,375,210,361,243,333,267,302,285,275,235,277,257,258,274,253,286,255,216,261,239,222,256,198,272,176,193,256,205,212,215,185,227,163,167,261,163,227,166,203,172,183
-1,0,169,375,209,363,243,334,266,302,283,275,235,278,258,259,274,254,285,257,216,261,239,222,257,199,273,176,193,256,205,211,215,185,227,162,167,261,163,226,166,203,173,183
-1,0,167,374,208,361,242,333,265,302,282,275,234,278,256,260,272,254,282,256,215,261,238,222,255,199,271,176,192,256,203,211,213,185,225,163,165,260,161,226,164,204,171,183
-1,0,166,374,207,362,240,335,262,303,280,276,232,278,253,256,269,252,281,256,212,261,235,222,252,197,268,174,189,256,201,211,210,185,222,162,162,261,158,226,161,203,168,182
-1,0,165,375,206,363,239,334,262,302,280,276,231,278,253,260,268,254,280,256,212,262,235,223,252,199,268,176,189,256,201,211,210,184,222,162,162,261,157,227,160,204,166,183
-1,0,162,376,203,364,236,335,258,303,275,276,228,278,250,255,266,252,277,258,208,262,231,221,248,197,263,174,185,257,197,212,206,184,218,162,158,262,154,227,156,203,163,183
-1,0,161,377,202,364,237,336,259,304,277,278,227,279,249,259,266,253,278,254,208,262,231,222,248,198,263,176,185,257,197,212,206,184,218,162,158,262,153,228,155,204,161,183
-1,0,159,375,200,361,234,332,257,302,279,279,226,275,249,248,268,234,285,224,206,260,229,223,248,201,264,182,181,255,192,212,202,185,215,161,154,262,150,228,152,205,158,183
-1,0,158,374,200,360,234,333,257,302,278,278,227,275,250,246,268,232,283,220,206,261,230,225,249,204,266,188,181,257,193,214,203,186,217,163,154,262,148,228,150,205,157,182
-1,0,158,373,200,360,235,333,257,302,276,278,227,275,250,245,267,231,282,220,206,261,230,224,249,203,266,187,181,256,193,213,204,186,217,163,153,262,149,227,150,204,157,182
-1,0,157,374,200,361,234,333,256,303,276,278,225,275,249,246,267,231,282,219,204,261,228,224,247,203,264,186,180,257,192,214,202,186,216,163,153,263,148,229,149,205,155,183
-1,0,157,374,201,361,235,334,257,303,275,277,226,275,249,246,266,230,281,218,205,261,229,224,248,203,264,185,180,257,193,213,203,186,216,163,152,262,148,228,150,205,157,183
-1,0,157,373,200,361,236,334,257,303,276,277,227,274,251,245,267,229,282,216,206,260,230,223,248,202,264,185,181,256,193,213,204,186,217,163,153,262,149,227,151,204,158,182
-1,0,157,373,200,361,235,333,257,302,276,278,226,275,250,246,267,230,282,218,205,261,229,224,248,202,264,184,180,256,192,213,203,186,216,163,153,262,148,228,150,204,157,183
-1,0,158,374,201,362,236,335,258,304,276,278,228,275,251,246,269,231,284,220,206,261,230,223,248,202,264,184,181,257,193,213,204,185,217,163,154,262,149,227,152,204,159,182
-1,0,162,377,205,363,240,333,263,303,282,279,227,275,253,244,271,227,285,212,207,262,231,224,251,202,267,184,182,259,194,214,205,187,218,163,156,265,151,230,154,206,161,184
-1,0,163,377,206,363,242,333,266,302,286,279,228,273,253,239,269,219,283,203,207,261,230,220,249,196,264,178,182,258,193,212,203,185,214,162,156,264,151,228,152,205,159,182
-1,0,162,373,207,364,245,334,269,303,289,281,229,267,251,233,262,210,268,192,202,254,217,208,225,180,231,157,176,254,178,211,180,186,182,164,148,263,140,230,136,209,136,188
-1,0,160,374,205,364,244,333,269,301,289,279,228,265,249,231,260,210,267,192,200,253,214,207,222,181,228,159,173,253,175,212,175,189,177,168,145,263,136,231,132,211,130,191
-1,0,158,376,204,367,242,335,269,303,289,280,233,268,255,236,266,216,272,199,204,254,217,209,225,182,230,161,176,253,177,213,177,190,178,170,148,262,139,231,135,211,133,192
-1,0,159,378,204,369,243,337,269,305,291,282,233,270,256,238,267,218,274,201,206,256,219,210,227,183,232,161,178,255,178,215,179,191,180,170,149,264,141,232,136,213,133,193
-1,0,160,378,204,368,243,337,269,304,290,281,233,270,256,238,267,219,274,202,206,256,219,210,227,183,232,161,178,255,178,214,178,190,180,169,150,265,141,232,136,212,134,193
-1,0,160,377,204,367,244,335,269,303,290,279,233,270,255,238,266,218,273,201,205,256,219,209,227,183,232,161,178,255,178,214,178,190,180,169,150,264,142,232,137,213,135,193
-1,0,160,377,205,367,244,335,269,302,290,279,232,269,254,237,265,218,273,201,205,255,218,209,226,183,232,161,178,254,177,214,177,190,179,168,150,264,142,232,137,212,136,193
-1,0,160,377,204,367,243,335,269,302,290,279,232,269,254,237,266,218,273,201,205,255,218,209,226,182,231,160,178,254,177,214,177,190,178,169,150,263,142,231,137,212,135,194
-1,0,162,378,208,368,246,335,270,302,289,279,231,268,252,235,263,215,270,198,203,254,216,207,224,181,228,159,176,254,176,213,175,189,175,167,149,265,138,234,132,215,129,196
-1,0,167,376,209,354,235,313,249,282,251,270,216,254,231,214,242,189,254,168,199,253,210,210,224,182,237,158,182,262,185,218,195,190,208,165,165,279,155,244,158,219,164,196
-1,0,141,364,194,317,209,275,217,245,227,222,170,239,211,208,243,208,266,215,161,244,216,213,254,221,276,235,159,257,210,231,245,238,266,252,161,275,194,253,218,254,236,260
-1,0,143,364,194,317,206,273,215,243,225,219,171,238,211,210,243,208,266,211,163,243,216,216,254,224,277,237,159,257,208,231,245,237,268,248,161,276,192,254,216,253,235,257
-1,0,133,367,187,320,200,281,201,251,196,228,172,234,229,245,227,277,213,291,164,241,230,256,227,286,211,300,161,256,220,274,215,300,199,312,162,276,206,287,209,304,200,313
-1,0,112,364,137,319,169,272,180,236,173,207,188,241,249,275,232,291,209,284,185,256,247,292,226,304,207,298,182,279,236,312,218,323,201,318,180,305,225,326,212,335,195,332
-1,0,115,358,137,315,169,271,181,235,173,206,192,242,248,275,232,289,212,280,189,257,247,296,228,306,210,297,185,280,236,315,219,324,202,316,181,308,226,330,212,337,195,332
-1,0,135,317,149,286,173,253,182,227,175,204,199,241,251,276,239,289,222,282,196,258,246,295,233,305,217,298,190,281,235,312,224,322,210,317,183,307,227,326,219,334,203,333
-1,0,117,354,139,312,171,269,184,235,176,206,196,243,251,278,234,292,215,283,193,257,249,298,230,308,213,299,189,280,239,316,220,326,204,317,185,307,229,330,213,338,195,332
-1,0,117,352,138,311,171,269,185,236,179,208,195,242,251,276,235,291,216,284,193,256,249,296,231,307,215,299,189,279,239,314,222,324,206,317,186,305,230,328,216,337,200,333
-1,0,138,314,150,286,174,254,183,227,178,205,200,241,251,274,239,286,222,280,195,257,247,293,233,303,217,295,189,280,236,309,224,320,210,314,182,305,225,324,218,331,204,329
-1,0,115,351,137,310,172,269,186,236,180,208,196,243,251,278,234,290,215,280,194,256,248,297,230,305,214,296,190,279,238,313,220,322,205,314,186,304,229,327,214,335,197,330
-1,0,115,351,136,311,171,269,187,236,181,208,196,242,251,277,235,291,216,284,194,257,248,296,231,307,215,299,189,279,238,314,222,324,206,316,185,306,228,328,215,336,198,332
-1,0,116,352,137,310,171,269,187,236,182,207,196,243,251,276,236,290,217,283,194,256,249,296,232,306,216,298,189,278,238,313,222,323,207,316,184,304,228,327,214,336,198,331
-1,0,116,350,137,309,171,269,187,236,182,207,196,242,251,276,235,289,215,280,193,255,249,296,231,304,214,295,188,278,238,313,221,321,206,314,183,303,227,327,213,334,197,330
-1,0,118,347,140,307,173,268,188,235,183,207,197,240,252,275,235,288,216,279,194,254,248,294,231,304,214,295,188,276,238,311,222,320,206,313,183,302,228,325,215,333,199,329
-1,0,115,350,136,309,170,269,187,235,183,207,195,242,249,275,233,288,214,280,193,255,247,295,230,304,214,295,189,277,237,312,221,321,206,314,184,302,228,326,214,334,198,330
-1,0,115,350,136,309,172,269,188,236,183,207,195,242,251,275,235,289,216,282,192,255,248,294,231,305,215,296,188,278,238,311,222,321,207,314,184,303,228,326,215,334,198,330
-1,0,145,365,195,333,221,297,236,269,246,248,204,268,217,244,230,234,242,226,187,265,199,241,214,232,229,226,168,267,181,241,197,237,212,241,148,273,163,250,181,246,197,251
-1,0,160,362,206,353,237,323,260,296,282,282,209,250,226,211,239,186,248,166,178,237,183,191,188,161,193,138,148,240,145,195,144,165,145,141,121,258,104,221,95,197,91,175
-1,0,144,365,197,353,234,324,261,294,285,278,212,252,235,211,245,185,250,164,180,240,189,190,193,161,194,137,148,241,148,198,147,173,146,151,118,252,107,219,100,199,96,180
-1,0,131,365,192,350,228,318,259,288,283,272,209,254,235,222,249,205,257,193,178,243,195,208,203,190,208,176,149,243,156,211,161,198,167,189,117,251,116,227,115,215,118,207
-1,0,131,365,190,354,228,319,256,289,280,271,206,253,233,221,248,203,258,190,174,241,190,206,201,187,209,174,146,241,152,211,160,198,167,189,115,250,113,226,112,213,114,205
-1,0,132,364,192,353,229,317,254,287,277,268,207,251,233,220,247,201,256,188,175,240,190,205,201,186,209,172,147,240,151,211,158,198,164,187,116,249,113,225,111,214,113,208
-1,0,129,367,189,355,226,317,251,286,273,267,202,252,228,219,243,199,253,186,170,241,187,205,198,185,206,171,142,242,148,211,155,199,162,188,113,252,109,227,107,214,110,205
-1,0,129,368,189,356,226,319,251,287,273,266,203,251,229,218,243,198,252,185,170,240,186,203,197,183,206,169,142,241,147,210,154,196,160,184,112,251,108,226,107,215,110,209
-1,0,128,369,186,357,223,318,250,286,272,266,202,251,229,217,242,197,252,184,170,240,185,204,196,183,205,169,142,241,146,211,154,196,160,185,111,250,108,226,106,214,109,207
-1,0,126,369,181,357,219,319,244,286,267,266,200,249,225,213,239,191,248,174,167,239,182,197,192,174,199,156,137,241,142,207,147,189,151,174,105,251,99,222,97,207,97,195
-1,0,117,372,169,360,208,322,235,288,259,265,188,250,212,210,225,187,234,166,155,239,170,194,180,167,187,146,123,242,128,205,131,185,136,168,92,253,86,225,82,210,83,195
-1,0,78,394,126,378,164,338,194,299,219,270,146,267,168,214,179,181,185,150,111,255,124,197,128,158,128,126,75,258,80,205,80,171,79,142,38,274,32,233,27,207,23,182
-1,0,447,479,438,473,417,453,394,442,372,439,419,418,388,418,380,437,381,457,410,416,365,433,358,459,362,479,399,421,351,437,349,463,357,479,385,430,345,433,338,450,340,464
-1,0,442,479,429,468,411,452,391,444,375,443,411,420,384,411,375,419,374,429,404,418,361,430,356,453,361,470,394,423,350,434,349,459,356,477,383,432,344,432,339,449,342,464
-1,0,438,479,424,463,406,451,388,445,373,446,404,416,374,416,365,428,368,443,398,416,362,435,363,456,370,471,390,423,353,441,358,462,368,476,380,433,348,434,338,438,332,441
-1,0,439,476,423,455,405,445,385,442,368,444,400,411,360,423,349,442,350,458,395,413,356,428,351,447,353,463,390,421,355,432,351,451,353,465,384,434,362,429,347,425,333,420
-1,0,422,479,413,460,396,446,377,441,361,442,393,426,362,435,356,451,361,464,387,427,356,443,355,461,358,474,380,433,350,446,351,464,355,476,372,443,350,439,337,436,324,434
-1,0,420,478,410,453,395,440,376,435,360,438,390,425,358,432,349,446,350,457,384,428,353,439,347,454,348,465,378,436,348,444,342,458,342,468,371,447,348,442,333,440,319,438
-1,0,419,473,412,451,397,438,376,434,360,439,392,420,361,431,353,446,355,459,386,422,355,437,352,453,354,465,379,429,351,441,349,457,352,469,371,439,349,435,336,433,324,430
-1,0,139,309,166,277,198,246,229,232,249,236,176,195,245,217,240,234,221,233,173,212,245,241,235,255,216,252,174,236,242,260,230,272,212,270,179,265,234,278,224,288,207,288
-1,0,427,469,418,449,403,439,385,436,370,439,401,423,373,430,362,443,359,454,394,424,365,433,355,448,352,460,387,430,358,436,349,450,345,460,379,439,358,435,345,433,333,431
-1,0,139,312,171,279,210,247,245,236,265,245,193,193,264,220,257,242,236,242,191,210,265,243,252,260,233,257,192,235,260,265,244,278,224,275,197,264,251,284,237,293,218,292
-1,0,427,467,418,447,405,435,386,432,370,436,402,418,369,428,357,444,357,458,396,419,360,432,350,451,350,467,388,424,352,435,343,454,343,469,379,433,350,435,340,445,336,455
-1,0,157,316,183,276,221,243,258,237,281,245,222,199,289,224,277,243,258,243,222,213,294,244,278,261,259,259,224,236,287,267,268,281,248,276,227,263,278,287,261,298,243,295
-1,0,435,470,428,450,413,437,392,435,376,441,411,419,378,426,363,440,359,453,403,420,369,430,359,446,357,461,394,426,362,434,354,450,353,463,386,435,360,439,350,448,346,458
-1,0,159,319,184,280,221,246,257,235,279,239,226,197,294,226,281,245,260,242,225,211,296,245,280,262,259,258,225,233,288,266,271,280,251,275,228,261,279,284,264,295,245,291
-1,0,437,467,429,446,414,434,394,431,377,434,411,417,377,423,362,436,356,448,404,418,370,428,359,444,355,458,396,425,364,432,353,447,350,458,389,435,363,433,351,438,343,442
-1,0,162,320,196,286,232,254,265,243,285,246,229,201,294,228,283,247,264,246,228,214,298,245,284,262,264,260,228,236,289,268,273,281,253,276,232,263,280,287,266,296,248,291
-1,0,436,469,431,447,419,435,403,430,389,433,415,418,387,423,378,440,380,455,407,419,373,430,366,448,368,463,398,426,363,434,358,452,360,465,387,435,360,430,349,433,343,436
-1,0,162,319,198,289,235,257,266,244,285,245,230,199,296,229,284,248,264,247,228,212,297,248,281,265,262,262,228,234,290,269,272,281,252,277,231,261,280,285,265,295,247,291
-1,0,438,471,432,451,419,438,401,432,385,433,417,417,385,421,371,436,367,450,409,418,374,428,364,445,361,460,400,424,367,433,359,449,357,461,391,433,365,429,351,429,339,428
-1,0,161,321,211,302,249,275,279,258,293,255,226,199,290,225,280,246,261,248,222,210,293,239,281,258,264,261,222,231,286,265,272,279,254,277,225,259,277,284,265,295,250,292
-1,0,438,471,428,451,412,438,393,434,376,437,410,420,376,429,361,443,357,457,404,419,367,431,354,449,350,465,396,424,360,433,348,450,345,462,387,433,358,434,346,443,341,451
-1,0,157,317,205,295,242,269,272,254,287,255,223,196,286,224,274,243,256,242,218,208,287,242,272,258,255,257,216,229,277,265,260,276,241,272,218,256,267,282,253,291,236,287
-1,0,432,472,425,450,412,437,394,433,378,435,411,417,381,423,371,441,373,457,402,418,367,429,360,449,363,465,392,424,357,434,352,454,357,468,381,433,352,431,342,438,339,445
-1,0,154,316,202,296,242,269,276,256,292,260,220,194,285,224,273,243,254,242,216,207,286,242,271,258,253,256,216,230,279,264,262,275,243,271,220,257,269,281,254,290,237,286
-1,0,432,473,425,451,411,438,393,434,378,436,410,420,383,421,372,437,371,455,402,420,365,430,357,450,358,467,392,424,353,434,348,455,352,471,381,431,348,435,341,449,340,461
-1,0,152,316,194,291,233,261,266,245,285,245,219,195,285,225,272,243,253,241,216,208,286,244,269,259,251,256,216,230,278,265,260,275,241,271,219,257,267,282,251,289,234,284
-1,0,431,473,425,450,411,437,392,433,376,436,408,419,378,423,368,441,368,458,400,420,365,431,358,450,360,465,391,426,355,436,350,454,352,467,382,436,353,434,339,438,329,442
-1,0,153,314,195,288,233,258,266,243,284,241,220,194,286,221,274,240,255,240,216,208,285,242,271,258,253,257,216,230,278,263,261,274,243,270,218,257,268,280,253,288,236,284
-1,0,429,472,421,450,407,437,388,434,371,437,402,421,368,431,359,449,361,466,394,422,356,434,349,455,352,473,385,427,347,436,342,457,346,474,376,435,344,435,336,446,335,457
-1,0,154,311,196,284,235,255,268,240,287,239,221,192,286,222,273,240,255,238,218,206,284,243,268,258,251,255,218,229,278,264,260,274,241,269,220,255,267,280,251,288,235,283
-1,0,428,473,420,450,406,438,386,434,369,437,405,419,371,427,360,446,362,461,397,419,356,429,348,451,351,468,388,423,346,432,341,455,347,471,378,432,343,433,337,449,340,463
-1,0,156,312,199,289,237,262,270,247,288,247,221,192,287,222,274,240,255,239,218,205,287,241,271,256,253,254,218,227,280,261,262,272,243,268,221,253,269,278,253,287,236,282
-1,0,431,475,424,451,410,438,392,433,376,435,407,421,375,429,363,447,362,464,399,420,360,434,350,453,351,469,389,424,350,434,344,455,348,471,380,431,346,431,337,445,336,457
-1,0,153,313,196,291,234,261,265,246,283,247,219,192,285,221,274,240,255,240,215,205,287,238,272,255,254,255,215,227,279,260,263,271,244,269,216,254,268,277,254,286,237,283
-1,0,431,477,424,453,408,439,389,434,372,436,407,421,378,420,366,435,364,451,399,420,358,430,349,452,351,469,389,425,347,435,342,458,348,474,380,432,344,433,337,447,340,459
-1,0,153,313,201,291,241,263,274,249,289,252,219,191,284,219,273,239,255,240,215,204,284,237,271,254,254,254,214,226,278,259,262,271,244,268,217,253,266,277,252,285,236,281
-1,0,430,478,424,454,409,440,391,434,374,435,409,420,383,417,371,432,370,449,400,420,363,429,355,451,358,468,389,425,351,433,347,457,353,474,378,432,343,431,338,447,340,461
-1,0,150,313,201,294,240,269,272,254,290,255,216,192,280,219,268,239,249,240,211,203,281,232,268,251,251,252,210,224,273,257,257,270,238,267,212,251,262,275,249,285,232,282
-1,0,432,479,423,456,408,443,388,438,371,440,404,423,370,433,360,454,362,472,396,422,357,437,351,460,356,478,387,426,346,438,344,462,352,478,377,433,340,435,334,450,337,464
-1,0,147,315,201,296,242,269,274,253,284,254,214,193,278,218,266,239,246,241,207,204,276,233,263,251,247,252,205,226,269,257,254,270,235,268,207,253,260,275,247,285,230,283
-1,0,429,479,424,457,409,443,390,437,374,438,408,421,381,418,371,433,371,448,398,421,362,431,357,454,362,470,387,425,350,436,347,461,353,478,374,433,339,433,334,450,337,464
-1,0,141,348,186,330,224,307,253,295,274,291,200,235,251,247,269,278,270,305,190,244,250,258,263,291,259,313,182,264,238,286,241,313,230,327,178,290,226,306,229,325,218,334
-1,0,451,474,440,447,419,434,398,431,380,438,412,413,377,425,372,442,377,456,402,417,365,435,364,455,371,469,392,427,356,442,356,463,364,476,382,440,349,442,339,450,334,455
-1,0,127,367,154,334,185,305,215,296,241,296,187,264,240,269,262,293,264,317,185,276,247,286,261,317,258,340,184,297,241,315,244,344,233,359,182,322,226,337,226,356,216,366
-1,0,458,468,447,447,427,433,404,429,387,433,419,405,381,417,379,435,389,447,411,411,373,426,374,445,383,457,401,423,365,433,367,453,376,466,393,439,364,435,347,436,333,434
-1,0,432,381,430,331,413,281,378,251,350,237,441,245,364,224,353,251,365,266,435,253,348,242,345,269,361,282,420,268,338,262,342,289,360,301,400,287,338,284,339,305,351,316
-1,0,422,375,412,318,397,269,368,241,339,233,421,227,344,210,336,238,350,252,415,232,325,223,326,256,346,270,401,244,316,242,323,276,345,288,380,263,315,266,320,291,337,301
-1,0,417,384,391,330,372,280,345,246,325,228,408,226,328,213,323,241,338,253,404,231,312,226,313,258,333,271,391,246,305,247,310,278,332,289,372,267,305,274,308,297,325,306
-1,0,416,388,396,326,376,274,347,240,323,224,406,228,326,213,321,241,336,254,403,233,310,226,312,258,332,272,391,247,302,247,310,280,333,292,371,267,302,275,307,301,327,309
-1,0,429,403,409,342,387,287,355,253,328,241,410,236,322,223,323,253,344,264,409,245,307,241,313,273,337,283,398,263,300,264,310,297,335,306,381,288,303,296,310,321,331,329
-1,0,431,415,382,360,361,306,340,263,326,236,417,244,332,233,331,266,351,279,420,256,319,253,323,286,346,297,412,277,314,278,323,312,348,322,395,303,318,305,318,329,334,339
-1,0,431,414,371,361,352,308,337,266,329,241,415,246,329,232,325,264,343,279,421,256,318,248,319,284,341,298,414,276,315,273,321,308,344,323,399,301,322,301,319,325,332,336
-1,0,431,415,373,361,352,307,337,265,327,240,415,245,329,232,322,264,338,279,420,257,318,252,317,286,338,301,413,278,317,276,321,310,345,324,399,305,325,301,315,319,323,327
-1,0,439,416,410,356,370,293,326,256,296,227,414,243,325,233,317,261,334,274,415,269,315,267,315,293,336,300,406,303,315,300,318,323,339,329,394,338,322,324,310,336,313,339
-1,0,440,420,417,357,388,291,368,241,364,198,392,247,296,256,303,284,327,288,394,274,290,294,308,315,335,314,390,309,296,325,314,344,340,341,384,348,311,355,319,368,337,368
-1,0,442,422,420,364,390,297,372,246,370,203,385,251,293,262,303,288,328,292,388,278,285,300,305,321,332,318,387,314,292,330,313,350,339,348,383,355,310,365,327,378,351,377
-1,0,441,424,419,362,384,294,367,244,374,202,373,258,280,280,295,305,322,305,376,290,274,320,297,337,326,333,377,330,285,353,308,367,335,362,378,372,304,385,321,394,347,391
-1,0,438,419,420,361,389,294,374,243,380,201,375,258,280,276,289,302,316,305,378,288,273,311,292,331,320,328,377,326,282,344,301,362,328,359,375,368,299,378,316,389,341,386
-1,0,434,416,416,357,388,291,375,241,384,200,376,255,283,272,291,297,316,300,379,284,275,306,294,326,321,324,379,321,283,337,303,356,330,354,378,362,301,371,318,382,344,380
-1,0,436,412,417,357,389,291,376,240,383,199,376,258,282,271,291,297,317,301,380,288,275,306,293,327,321,326,381,325,284,338,304,356,331,355,380,367,304,371,320,381,345,380
-1,0,439,411,420,354,391,289,377,239,384,200,375,256,282,271,292,296,317,301,379,285,275,305,294,326,321,325,380,322,284,337,303,355,330,354,379,364,303,371,318,380,343,378
-1,0,437,410,418,353,389,289,374,239,380,198,376,255,284,268,294,294,320,297,379,283,276,301,295,322,323,320,380,319,283,333,304,351,332,349,378,360,301,366,319,377,345,375
-1,0,436,412,418,356,389,292,372,242,376,201,380,257,285,268,294,295,320,300,383,286,278,302,297,323,325,321,383,322,287,334,307,352,334,351,380,362,305,366,321,377,346,377
-1,0,431,413,410,357,383,292,368,242,370,200,378,256,284,268,294,295,320,300,382,285,278,302,298,323,325,322,383,321,287,333,308,352,335,352,382,362,306,366,322,377,347,377
-1,0,436,411,411,358,383,293,368,244,368,203,379,255,285,264,293,291,318,296,387,281,282,296,297,317,324,316,389,316,292,325,305,346,330,347,388,357,314,358,320,368,340,369
-1,0,385,415,343,381,315,330,298,291,282,263,341,274,330,221,306,191,282,172,365,279,380,219,353,197,329,191,388,299,407,248,376,252,353,265,408,333,436,293,417,285,397,291
-1,0,401,427,343,420,290,386,247,356,210,336,318,281,289,231,273,196,260,166,360,265,346,204,339,163,333,129,403,270,407,211,408,173,407,140,442,289,466,245,478,216,486,187
-1,0,408,448,348,434,289,398,240,369,201,342,316,286,284,235,266,202,253,173,359,272,343,209,334,170,328,140,404,275,403,219,401,184,397,152,446,293,463,251,473,224,480,198
-1,0,411,447,350,433,288,395,238,368,196,346,313,289,281,237,264,205,250,177,357,273,339,210,331,172,323,141,402,276,398,219,396,184,392,151,445,293,460,251,470,224,477,196
-1,0,411,448,349,435,288,398,238,370,195,346,313,290,282,238,264,205,250,177,357,275,340,211,331,172,324,141,402,278,399,220,397,186,393,154,445,294,460,252,469,224,475,197
-1,0,413,444,351,430,292,391,245,360,203,338,317,287,285,233,266,199,253,169,361,273,344,207,336,167,330,135,405,276,403,216,401,181,397,150,447,292,463,249,473,221,480,193
-1,0,410,444,350,430,292,391,244,360,202,336,318,284,287,232,269,198,256,168,362,270,345,206,336,167,330,134,406,273,403,215,403,181,399,149,448,291,462,248,472,220,479,192
-1,0,411,445,350,430,292,389,244,357,202,334,317,285,287,232,269,199,256,169,361,270,344,206,335,167,328,134,405,274,402,214,401,179,397,146,448,291,462,248,472,220,478,191
-1,0,410,443,350,429,291,389,243,357,202,332,317,285,287,232,270,198,257,169,361,270,343,206,334,167,327,134,405,274,401,215,400,179,396,146,448,291,462,247,472,219,479,190
-1,0,409,443,349,428,292,388,245,356,204,331,315,284,283,231,265,197,252,167,358,269,340,204,331,165,323,132,404,272,399,213,397,176,392,143,447,290,460,246,470,217,476,188
-1,0,412,437,352,424,296,380,254,343,213,317,316,281,284,228,267,194,254,164,359,265,341,201,330,162,321,130,404,268,400,208,397,172,391,138,447,285,460,240,469,212,473,182
-1,0,412,439,352,425,297,380,253,343,212,316,316,281,284,228,267,194,255,163,360,265,340,201,330,161,321,128,404,268,399,209,396,173,389,140,447,284,460,240,469,211,473,182
-1,0,413,435,355,419,304,373,266,332,227,304,321,278,289,225,272,192,259,161,364,263,345,199,334,160,326,126,407,266,403,206,400,169,395,135,450,283,463,238,471,209,476,179
-1,0,413,437,356,421,305,373,267,331,228,301,323,276,291,223,275,190,264,159,365,261,346,197,336,157,328,124,409,265,405,205,404,168,399,134,450,282,465,237,475,208,480,179
-1,0,433,435,370,372,339,304,324,258,314,223,403,246,368,207,342,218,334,240,429,260,365,257,336,299,333,331,443,287,377,297,351,331,346,355,447,322,395,331,374,356,367,372
-1,0,473,430,470,356,441,284,418,229,415,184,435,247,343,233,346,262,367,273,420,278,320,279,335,304,363,311,401,314,316,321,333,343,361,347,381,353,319,357,335,375,359,379
-1,0,478,426,476,359,451,285,429,229,427,185,439,249,350,231,352,260,372,272,427,282,328,275,342,302,371,308,410,321,326,320,345,343,373,345,392,362,329,359,348,377,372,380
-1,0,480,427,479,361,455,286,437,229,434,185,442,252,354,231,358,260,381,273,429,284,332,276,346,302,375,308,412,323,327,320,347,343,376,347,393,365,328,358,347,377,373,381
-1,0,481,430,474,365,445,291,425,235,425,191,435,257,344,237,350,269,375,283,423,290,324,282,340,310,369,316,407,331,321,328,342,352,371,356,390,375,323,368,343,386,368,390
-1,0,479,427,473,364,443,291,421,235,417,189,430,256,343,238,348,266,372,279,419,290,324,284,340,310,369,314,403,331,321,328,342,351,371,354,386,375,324,367,343,385,368,389
-1,0,478,425,471,362,442,290,419,234,416,190,430,255,343,237,347,266,370,278,419,289,323,283,339,308,368,313,404,330,320,327,341,350,369,353,387,373,324,368,344,385,368,388
-1,0,470,423,464,361,434,291,410,237,409,193,426,252,338,235,342,265,365,277,416,285,318,280,334,306,362,311,402,325,316,326,337,349,365,350,385,368,320,366,339,383,362,385
-1,0,445,440,382,386,355,316,344,266,337,226,414,256,337,246,325,286,339,305,434,276,339,275,333,316,355,330,442,307,352,306,347,342,368,353,440,344,371,346,362,372,375,380
-1,0,439,443,370,388,347,323,337,274,329,234,410,261,332,246,319,287,331,315,430,278,337,276,330,319,347,340,439,306,351,303,347,343,366,360,438,342,370,344,364,369,378,381
-1,0,425,447,361,392,336,331,327,284,320,246,397,262,329,248,320,290,333,313,421,276,339,275,332,319,349,336,436,302,357,301,349,341,365,356,441,337,378,340,366,366,374,378
-1,0,411,464,355,451,304,404,271,362,251,331,326,334,305,282,288,290,284,305,353,324,325,265,319,300,331,330,387,322,364,260,356,295,366,323,425,329,406,291,393,318,397,345
-1,0,402,471,350,460,300,416,270,375,246,342,312,346,284,291,272,298,274,321,341,335,313,273,311,307,324,345,375,333,354,265,346,299,352,335,415,339,401,294,388,320,386,353
